-- MySQL dump 10.13  Distrib 8.4.9, for Win64 (x86_64)
--
-- Host: localhost    Database: kmc
-- ------------------------------------------------------
-- Server version	8.0.30

/*!40101 SET @OLD_CHARACTER_SET_CLIENT=@@CHARACTER_SET_CLIENT */;
/*!40101 SET @OLD_CHARACTER_SET_RESULTS=@@CHARACTER_SET_RESULTS */;
/*!40101 SET @OLD_COLLATION_CONNECTION=@@COLLATION_CONNECTION */;
/*!50503 SET NAMES utf8mb4 */;
/*!40103 SET @OLD_TIME_ZONE=@@TIME_ZONE */;
/*!40103 SET TIME_ZONE='+00:00' */;
/*!40014 SET @OLD_UNIQUE_CHECKS=@@UNIQUE_CHECKS, UNIQUE_CHECKS=0 */;
/*!40014 SET @OLD_FOREIGN_KEY_CHECKS=@@FOREIGN_KEY_CHECKS, FOREIGN_KEY_CHECKS=0 */;
/*!40101 SET @OLD_SQL_MODE=@@SQL_MODE, SQL_MODE='NO_AUTO_VALUE_ON_ZERO' */;
/*!40111 SET @OLD_SQL_NOTES=@@SQL_NOTES, SQL_NOTES=0 */;

--
-- Table structure for table `_prisma_migrations`
--

DROP TABLE IF EXISTS `_prisma_migrations`;
/*!40101 SET @saved_cs_client     = @@character_set_client */;
/*!50503 SET character_set_client = utf8mb4 */;
CREATE TABLE `_prisma_migrations` (
  `id` varchar(36) COLLATE utf8mb4_unicode_ci NOT NULL,
  `checksum` varchar(64) COLLATE utf8mb4_unicode_ci NOT NULL,
  `finished_at` datetime(3) DEFAULT NULL,
  `migration_name` varchar(255) COLLATE utf8mb4_unicode_ci NOT NULL,
  `logs` text COLLATE utf8mb4_unicode_ci,
  `rolled_back_at` datetime(3) DEFAULT NULL,
  `started_at` datetime(3) NOT NULL DEFAULT CURRENT_TIMESTAMP(3),
  `applied_steps_count` int unsigned NOT NULL DEFAULT '0',
  PRIMARY KEY (`id`)
) ENGINE=InnoDB DEFAULT CHARSET=utf8mb4 COLLATE=utf8mb4_unicode_ci;
/*!40101 SET character_set_client = @saved_cs_client */;

--
-- Dumping data for table `_prisma_migrations`
--

LOCK TABLES `_prisma_migrations` WRITE;
/*!40000 ALTER TABLE `_prisma_migrations` DISABLE KEYS */;
INSERT INTO `_prisma_migrations` VALUES ('0e398ac7-18bd-441d-a53e-19b8be7825e3','43ab545229a65645995fe89a63b6d82a44155674e6b591db8e467598e0dcf5a6','2026-06-11 08:50:31.127','20260611085030_init',NULL,NULL,'2026-06-11 08:50:30.869',1),('172fe3a9-2d3c-45ff-9df5-145c9a7f9923','10bcd186cacf21b05625d01d0ecd706d9871d36d37905dbbccb96e6ed3368128','2026-06-11 10:16:10.925','20260611101610_add_settings',NULL,NULL,'2026-06-11 10:16:10.912',1),('2e388a57-44d8-444b-956b-56f26ca0859a','9d4cbf51f10b26a66effef8f63b5da117c5f2815e15f8c635ac059e615a0a6a7','2026-06-11 14:30:58.941','20260611143042_add_article_feedback',NULL,NULL,'2026-06-11 14:30:58.892',1),('40752ab6-aa4e-4639-b954-f41dc33d747b','c2a25c5f346cd62ea943cee45325ad36aa6d9d6fd828da4f2a05fe610617b241','2026-06-13 07:41:16.997','20260613074116_add_exam_assignments',NULL,NULL,'2026-06-13 07:41:16.878',1),('611608ff-b714-4e32-a872-24bf573f6064','6d2c364f9ba2f23e75ca1ebd02703055111bb0a1524079ebd3fee21e17f137e6','2026-06-12 09:16:21.947','20260612091621_add_status_groups_subgroups',NULL,NULL,'2026-06-12 09:16:21.916',1),('723452c7-0087-4d34-9ace-2e33e7f7405c','abc40451e34049bbe0aaded3db643a1d12dc316a33ccd8071e2d9fc86e93950f','2026-06-12 11:52:01.514','20260612115201_add_question_models',NULL,NULL,'2026-06-12 11:52:01.415',1),('cf2517cf-624c-4a27-b128-f46fe29179bd','1c6cced576e9abcb12b4d1d137a1d32234c0389039ca1f643bb51a69b71a83a1','2026-06-12 10:11:23.276','20260612101123_add_article_collection',NULL,NULL,'2026-06-12 10:11:23.217',1),('d1315716-4dc9-4c0a-838d-68b78556b615','5108a05029f33d1f3599a159c63214f1907647e0a25c380167a22227d792b7ee','2026-06-13 07:17:51.345','20260613071751_add_exams',NULL,NULL,'2026-06-13 07:17:51.279',1);
/*!40000 ALTER TABLE `_prisma_migrations` ENABLE KEYS */;
UNLOCK TABLES;

--
-- Table structure for table `article`
--

DROP TABLE IF EXISTS `article`;
/*!40101 SET @saved_cs_client     = @@character_set_client */;
/*!50503 SET character_set_client = utf8mb4 */;
CREATE TABLE `article` (
  `id` int NOT NULL AUTO_INCREMENT,
  `groupId` int NOT NULL,
  `subgroupId` int DEFAULT NULL,
  `status` varchar(191) COLLATE utf8mb4_unicode_ci NOT NULL DEFAULT 'PUBLIC',
  `authorId` int NOT NULL,
  `createdAt` datetime(3) NOT NULL DEFAULT CURRENT_TIMESTAMP(3),
  `updatedAt` datetime(3) NOT NULL,
  PRIMARY KEY (`id`),
  KEY `Article_groupId_fkey` (`groupId`),
  KEY `Article_subgroupId_fkey` (`subgroupId`),
  KEY `Article_authorId_fkey` (`authorId`),
  CONSTRAINT `Article_authorId_fkey` FOREIGN KEY (`authorId`) REFERENCES `user` (`id`) ON DELETE RESTRICT ON UPDATE CASCADE,
  CONSTRAINT `Article_groupId_fkey` FOREIGN KEY (`groupId`) REFERENCES `group` (`id`) ON DELETE RESTRICT ON UPDATE CASCADE,
  CONSTRAINT `Article_subgroupId_fkey` FOREIGN KEY (`subgroupId`) REFERENCES `subgroup` (`id`) ON DELETE SET NULL ON UPDATE CASCADE
) ENGINE=InnoDB AUTO_INCREMENT=40 DEFAULT CHARSET=utf8mb4 COLLATE=utf8mb4_unicode_ci;
/*!40101 SET character_set_client = @saved_cs_client */;

--
-- Dumping data for table `article`
--

LOCK TABLES `article` WRITE;
/*!40000 ALTER TABLE `article` DISABLE KEYS */;
INSERT INTO `article` VALUES (29,17,21,'PUBLIC',1,'2026-06-12 09:44:59.370','2026-06-12 11:39:25.278'),(30,17,21,'PUBLIC',1,'2026-06-12 15:00:42.426','2026-06-12 15:46:50.618'),(39,17,22,'PUBLIC',1,'2026-06-14 15:38:31.125','2026-06-27 07:12:55.686');
/*!40000 ALTER TABLE `article` ENABLE KEYS */;
UNLOCK TABLES;

--
-- Table structure for table `articlecollection`
--

DROP TABLE IF EXISTS `articlecollection`;
/*!40101 SET @saved_cs_client     = @@character_set_client */;
/*!50503 SET character_set_client = utf8mb4 */;
CREATE TABLE `articlecollection` (
  `id` int NOT NULL AUTO_INCREMENT,
  `userId` int NOT NULL,
  `articleId` int NOT NULL,
  `createdAt` datetime(3) NOT NULL DEFAULT CURRENT_TIMESTAMP(3),
  PRIMARY KEY (`id`),
  UNIQUE KEY `ArticleCollection_userId_articleId_key` (`userId`,`articleId`),
  KEY `ArticleCollection_articleId_fkey` (`articleId`),
  CONSTRAINT `ArticleCollection_articleId_fkey` FOREIGN KEY (`articleId`) REFERENCES `article` (`id`) ON DELETE CASCADE ON UPDATE CASCADE,
  CONSTRAINT `ArticleCollection_userId_fkey` FOREIGN KEY (`userId`) REFERENCES `user` (`id`) ON DELETE CASCADE ON UPDATE CASCADE
) ENGINE=InnoDB AUTO_INCREMENT=9 DEFAULT CHARSET=utf8mb4 COLLATE=utf8mb4_unicode_ci;
/*!40101 SET character_set_client = @saved_cs_client */;

--
-- Dumping data for table `articlecollection`
--

LOCK TABLES `articlecollection` WRITE;
/*!40000 ALTER TABLE `articlecollection` DISABLE KEYS */;
INSERT INTO `articlecollection` VALUES (6,2,29,'2026-06-12 10:36:10.766'),(7,1,39,'2026-06-14 15:39:29.723'),(8,2,39,'2026-06-27 07:11:37.887');
/*!40000 ALTER TABLE `articlecollection` ENABLE KEYS */;
UNLOCK TABLES;

--
-- Table structure for table `articlefeedback`
--

DROP TABLE IF EXISTS `articlefeedback`;
/*!40101 SET @saved_cs_client     = @@character_set_client */;
/*!50503 SET character_set_client = utf8mb4 */;
CREATE TABLE `articlefeedback` (
  `id` int NOT NULL AUTO_INCREMENT,
  `articleId` int NOT NULL,
  `helpful` tinyint(1) NOT NULL,
  `ip` varchar(191) COLLATE utf8mb4_unicode_ci NOT NULL,
  `createdAt` datetime(3) NOT NULL DEFAULT CURRENT_TIMESTAMP(3),
  `updatedAt` datetime(3) NOT NULL,
  PRIMARY KEY (`id`),
  UNIQUE KEY `ArticleFeedback_articleId_ip_key` (`articleId`,`ip`),
  CONSTRAINT `ArticleFeedback_articleId_fkey` FOREIGN KEY (`articleId`) REFERENCES `article` (`id`) ON DELETE CASCADE ON UPDATE CASCADE
) ENGINE=InnoDB AUTO_INCREMENT=4 DEFAULT CHARSET=utf8mb4 COLLATE=utf8mb4_unicode_ci;
/*!40101 SET character_set_client = @saved_cs_client */;

--
-- Dumping data for table `articlefeedback`
--

LOCK TABLES `articlefeedback` WRITE;
/*!40000 ALTER TABLE `articlefeedback` DISABLE KEYS */;
INSERT INTO `articlefeedback` VALUES (2,29,1,'::ffff:127.0.0.1','2026-06-12 10:07:18.689','2026-06-12 10:07:18.689'),(3,39,1,'::1','2026-06-27 07:11:35.403','2026-06-27 07:11:35.403');
/*!40000 ALTER TABLE `articlefeedback` ENABLE KEYS */;
UNLOCK TABLES;

--
-- Table structure for table `articletranslation`
--

DROP TABLE IF EXISTS `articletranslation`;
/*!40101 SET @saved_cs_client     = @@character_set_client */;
/*!50503 SET character_set_client = utf8mb4 */;
CREATE TABLE `articletranslation` (
  `id` int NOT NULL AUTO_INCREMENT,
  `articleId` int NOT NULL,
  `locale` varchar(191) COLLATE utf8mb4_unicode_ci NOT NULL,
  `title` varchar(191) COLLATE utf8mb4_unicode_ci NOT NULL,
  `content` longtext COLLATE utf8mb4_unicode_ci NOT NULL,
  PRIMARY KEY (`id`),
  UNIQUE KEY `ArticleTranslation_articleId_locale_key` (`articleId`,`locale`),
  CONSTRAINT `ArticleTranslation_articleId_fkey` FOREIGN KEY (`articleId`) REFERENCES `article` (`id`) ON DELETE CASCADE ON UPDATE CASCADE
) ENGINE=InnoDB AUTO_INCREMENT=75 DEFAULT CHARSET=utf8mb4 COLLATE=utf8mb4_unicode_ci;
/*!40101 SET character_set_client = @saved_cs_client */;

--
-- Dumping data for table `articletranslation`
--

LOCK TABLES `articletranslation` WRITE;
/*!40000 ALTER TABLE `articletranslation` DISABLE KEYS */;
INSERT INTO `articletranslation` VALUES (57,29,'en','Artikel A-A-1','<p><strong>Artikel A-A-1</strong></p><img src=\"/uploads/1781264334660-mt6jg5.png\"><p></p><p>Ok</p>'),(58,29,'id','Artikel A-A-1','<p><strong>Artikel A-A-1</strong></p><img src=\"/uploads/1781264357471-xlmr3n.png\"><p></p><p>OK</p>'),(59,30,'en','Welcome to Knowledge Management Center','Welcome! This platform helps you find information.'),(60,30,'id','Selamat Datang di Pusat Manajemen Pengetahuan','Selamat datang! Platform ini membantu Anda menemukan informasi.'),(73,39,'en','Test Artikel','<table><tr><td></td><td></td><td></td><td></td></tr><tr><td><p>No</p></td><td><p>: 070/DD/IT/IM/V/2027</p></td><td><p><img alt=\"Checkmark with solid fill\" src=\"data:image/png;base64,iVBORw0KGgoAAAANSUhEUgAAAYAAAAGACAYAAACkx7W/AAAVgUlEQVR4Xu3ddbxc5bWH8R9WvBR3gkspUChw0RJcijsUCcVKKFqsaHAoBClQnOAUK+5OgaIXd3dKcffetbovJOwFSU4yc87sdz3fz+f5B2Jn9p4158zs/b4SAAAAAAAAAAAAAAAAAAAAAAAAAAAAAAAAAAAAAAAAAAAAAAAAAAAAAAAAAAAAAAAAAAAAAAAAAAAAAAAAAAAAAAAAAAAAAAAAAAAAAAAAAAAAAAAAAAAAAAAAAAAAAAAAAAAAAAAAAAAAAAAAAAAAAAAAAAAAAAAAAAAAAAAAAAAAAAAAAAAAAAAAAAAAADTCWFY/a+TafwcAFGwS6x7rP9b54kUAAFJYwLpK1fD/tv6qfiIAABRqMetGfX/4f9vB1qgDfykAoBTLWrcrDv5B288a8dvfAABovpWtexUH/g/Vr/otAICmW8t6WHHQ/1hfW7v993cCABprQ+tpxSE/pD6zdhIAoJE2s15SHO5D20fW9gIANMpW1r8Uh3pXe1fVnwUAaIAdrPcUh/mw9qa1hQAAHc0/vP1UcYgPb69ZmwgA0HH8Bq59FQd3K3vR6iMAQMf4qfVnxYHdjp61fisAQI+b0DpScVC3syesNQUA6DFTWMcpDujuyG8sW1UAgG43nXWq4mDuzu63VhAAoNvMap2jOJB7ortVLTIHAGizuay/Kw7inuwOawkBANpmfusKxQHcCd1iLSIAQMv1tq5XHLyd1A3WggIAtMwy1m2KA7cTu9qaVwCA4baSBm7e3pQuU/VZBQBgGPnNVg8pDtgmdJE1mwAAXba+9aTiYG1S51kzCwAw1HzVzRcUB2oTO9uaXgCAIfqD9briIG1yp1m9BAD4UX9UtQNXfYCW0EnW5AIABLtanygOzpLyhesmEgDgv0ax9ra+VhyYJXaUNa4AILmxrYMUh2TpHa7qaweAlCawjlAcjlnyHcxGEwAk4x+GHqs4FLO1vzWyACCJsVTdJVsfhlnrJwBIYBbrLMUhmLW7rOUFAIWb07pAcQhm7VZrKQFA4eazLlccglm7TmweAyABH3Q+8OpDMGu+o5m/IAJA0fwtDn+roz4Es+Z7GbNPAIDiraDqQ876EMzaOdasAoDCrWE9oDgEs+argbIkNIDirWc9oTgEs3aCNZUAoHAbW88rDsGs+cJvEwsACtfXek1xCGatv/UzAUDhtrPeVhyCWTvAGkMAULhdrI8Uh2DGvrL2skYSABTMV7Hsp2ro1Qdhxj62/iQAKNyY1oGKQzBr71jbCwAKN551mOIQzNob1pYCgMJNah2jOASz9qK1qQCgcNNYJykOwaw9bW0gACjczNaZikMwa49YawsACjeHdb7iEMzafdYqAoDCzWtdqjgEs/ZPazkBQOEWtq5RHIJZu9laQgBQuCVVDbz6EMyavxD6CyIAFG15607FIZi1y1S9FQYARVvNul9xCGbtAuuXAoDCrWs9pjgEs3aWNYsAoHAbWc8qDsGsDbCmFQAUbgvrVcUhmLXjrCkEAIXb1npLcQhm7UhrQgFA4Xa2PlQcglk7xBpHAFCwEa09rS8Uh2DW9rNGEwAUbHRrf8UBmDV/EdzDGkEAULBxrf6KQzBr/vaXvw0GAEWbxDpacQhmzT/49g/AAaBovawTFYdg1l6z+goACjejdbriEMza89bGAoDCzWadqzgEs/aEtZ4AoHDzWJcoDsGsPWStKQAo3ELW1YpDMGv3WCsJAAq3uHWT4hDM2u3WMgKAwvletXcoDsGs3WgtJgAo3CrWfYpDMGtXWQsKAAq3jvWo4hDMmn/4PbcAoHB9rGcUh2DWzrNmFwAUbnPrZcUhmLUzrJkEAIXb2npTcQhm7WRrGgFA4Xa0PlAcgln7qzWZAKBgvma9r13/ueIQzNrh1vgCgIL5blW+a1V9AGbuYGtsAUDBfJ9a36+2PgCz9o21j/UTAUDBJrL+ojgEs/aZtbsAoHBTWscrDsGsva/qA3AAKNoM1mmKQzBrfsmrX/oKAEX7hfU3xSGYtVes3wsACvcr6yLFIZi1Z62NBACFW8C6UnEIZu0xa10BQOEWVbV+fX0IZu0Ba3UBQOGWVbVzVX0IZu0uawUBQOFWtu5VHIJZ+4e1lACgcGtZDysOwaxdb/UWGsffqzvHGrn+PwD8oCWsDxWHYNYetyYRGmcL6zVVB/FEsSwrMCSbWi8qDsGs+WWvcwmNs431lr5/MI+zJh70FwH4zlbWG4pDMGt+w5vf+IaGGdymFMdYEwz8pQDMDtZ7is+XrPlSF77kBRpmN1Wr8tUP6KD5CobjfvsbgOT8OfOp4vMka/52cS+hUUax9la1Hnf9gP5QvlsPGzYgM1+z3teuH9rnTIaOFh/4Ns6Y1oGKB3NIHWqNISCfn6ratar+nMhcf/HOQOP4AfMDVz+YQ9tB1qgC8pjQOlLxuZA5/wbSv5FEg/gVPUcpHsyutr+4TwA5TKHqarj6cyBrX1n9xPO/cVq9I5G/FzqCgHJNZw1QPPez9on1J6Fx2nUi7yWgTD+3zlY857P2rvVHoXFmsc5SPKCt6GuxqTPK43eyXqh4vmfNb3b7g9A4c1jnKx7QVvaF+LEQ5ZjfukLxPM/aS9ZmQuPMY12ieEDbkd8Us5OAZuutahXL+vmdtaetDYXGWdC6SvGAtrOPxHuEaK6lVa1fXz+vs/aItbbQOL4d3Q2KB7Q7el/VonJAk6xo3a14Pmftf61VhcbphO9i3hEfGKE51rQeUjyPs/ZP6zdC4/i+m77/Zv2A9kRvqtpbAOhk61tPKp6/WbtF1eY2aJjVrPsVD2hP9rq4egCdaxPrBcXzNmvXWr8WGmcd61HFA9oJvWJtLKCzbKnqG5T6+Zq1y6z/ERpnQ1WXatUPaCfl2+X1EdAZ/Eo1/5yqfp5mzW94m1NonCbtRfqcqvdbgZ60q6r1bOrnZ9Z8qQtf8gIN08QfYf0nFX+7Cuhu325+5EuX1M/LrA1QtUYYGmY7623FA9qEnlB12R3QXcZStYdF/VzMnK8K7KsDo2F2tj5UPKBNyj+w9quWgHYbX9VWpvVzMHO+v/dEQuPsYX2ueECb2IPWygLaZ3LrWMVzL3OHWOMIjeIbUe+reDCbnt9u7jevAa02rXWK4jmXOd/Fb3ShUfz9y5I3or7HWk5A67Rz/4sm5su172mNKDTKeMrx/uWdqtYwAobXL60LFM+xrPkKvbsIjTOJdYziAS2128UaJBg+86m6o7V+bmXNrxT0KwbRMFNZJyoe0NK7VdWGHEBXLWJdp3hOZe01q6/QONNbpyke0CzdZC0sYOgtpeqbh/q5lLUXVC10hwbqp3hAs/W4qrfAgCGZWc27I76d+T1CCwmNNZl1kuKBzdbVYnVCDN7q1gOK507WfFMb7rIvgH8GMEDxAGfrCmtuAdFvVf2kWD9nsnavuLGyKNNYZyge6GxdKpaqxff5/hLPK54rWfMr6JYVijODquVa6wc8WxdZswuormzxK1zq50jWbrIWE4rlH3Kdq3jgs+U398wqZNbkVXDbkX9Oxge+CfxC1a499RMgW/5C6C+IyMfvZvW7WuvnRNYuseYR0pjDuljxRMiWr/Hi90ogh5GsvawvFc+FrJ2vah4gmV9ZlyueENk6XdWH5CjbmNaBisc/c2eKn4JTm9e6SvHEyNYAVZfLoky+EOJhisc9cyeLb3xgFhDrnnh+w5xv+oGyTKpcCyEOTb6xDec6vuPr5dyoeKJky/c2ZdmIckwt7oSvd4Q1gYCaRcUiWN5frQmFpptJ3PxYzzeDGlvAj/A19P1OwPqJk62jVL1vjGbyq1r86pb6cc2cbwM7qoAhWMa6S/EEypb/qMyG183jFzb4kh/145m1z6zdBXTBb1QtCFU/mbJ1qKrLB9EM/lnWNYrHMWsfWDsJGAYrieVxPX/fdDSh0/nblzcrHr+s/dvaRsBwWNV6WPHkytYB1ihCp/KfWO9UPG5Ze8X6vYAW8E0hWCu9+hBtRKHTrGbdr3i8svac9TsBLbSO9ZTiyZatfkInWdd6TPE4Zc2/UfPNbYCWW1/Vdxf1ky5T31h7CJ1gI+tZxWOUNf+8zre1BNqmj/Wi4smXKV9JclehJ/n72/4+d/3YZO1ua0UB3WAT61XFkzBTfm31zkJP8Ctb3lI8Jln7h7W0gG60ufWG4smYqY+tHYTu5C+6Hyoei6zdYPUW0AO2FN+JvW9tK7SbX321p/WF4jHI2pWqVvIFeszW1ruKJ2em3rG2EtpldGt/xcc9cxep2tAJ6HG+uXb2H8v9rsu+Qqv9TNVyHPXHO3O+l7Xv6w10jB2tTxRP1kz5ZyL+2QhaY2LraMXHOXO+femMAjrQLuI9Wr86yq+SwvDpZZ2o+Phmzh+PXgI6mC87+7XiyZupl1TdpIRh49/h+ne69cc1c76lpW9tCXS8vRRP4Gw9b20gdNVsqt7jrj+emfPN7NmcCI3hl+z5wmn1Ezlbz4h1WbpibutixccxcweJ/SjQQL50si+hXD+hs/WktbYwJAtZVys+flnzt1H3FkuQo8H8+u0/K57c2XpULNI1OItbNyk+blnzq+lYawpFGMvqr3iSZ+shaxWhbjnrDsXHK2vvieVFUBi/medIxZM9W75pCSs2DuQviPcpPk5Z+5e4oxyFGl/c1OPdq2r7wuz8c5FHFB+frPmlw5sJKJjf2Xmc4smfrbusZZRXH1VXSNUfl6z5Y9FHQAKTiTs8PX/fe0nl40tlvKz4eGTNLxDw7VaBNKayBig+GbLlG3kspjx85dg3FR+HrPlnQqsKSGgacbu/d7O1iMrniwX63gn1rz9rd1rLC0hsButsxSdHtq63FlS5fH2ozxW/7qzdopxv/wHBzGLtF+8aaz6VZTRrP8WvNXPXWb8WgO/45hYXKj5ZsuVb/M2jMoxjHaL4NWbucpX3Ig+0xBxiITDvMmsuNdtE1l8Uv7bM+Tc4cwrAj/I9Tv27pPqTJ1v+QugviE00pXW84teUuXOsnwvAEM1rXaX4JMqWf8fYtH1fp7dOVfxaMneqqscFwFCaX9WHZfUnU7bOs2ZRM/iL1d8Uv4bM+U9C/hMRgC5a2LpR8UmVLX/7oNM3Afe37i5S/Ldn7ihVn4UAGEa9rVsVn1zZOtOaTp1pAVVXL9X/zZk7VNUKuACG0xLW7YpPsmydavVSZ1nUukHx35q5/VVthASgRZZWtYJm/cmWrZOtKdQZfDVTXpgH9qW1lzWSALScr6Hva+nXn3jZOsGaVD1rZXEsBu0jaxcBaCvfTesBxSdgto5Vz33AuJb1sOK/KWvvWNsLQLfw5XMZQNXuar7LWnfawHpK8d+StdetLQWgW61hPa74hMyW77PcXVebbGq9qPhvyJo/FpsIQI/wXZT4blQ6zBpb7eUblfuG5fW/O2t+3vlPQwB60HrWc4pP0Gz5qptjqD12sN5T/Duz5m8/+ucgADpAH/HWhHeQNapaazfrU8W/K2v3qboCCkAH2dh6VfEJmy3ffKUV16H/xNrH+kbx78jaHdZyAtCRNrfeUHziZmtvDR//POFgxT83czdZiwtAR+trvaX4BM7Wnho2E6i6sqj+52XOt+pcSAAaYWvrXcUncqa+UvX+fVf4EhPHKf5ZmbtU1f4UABpkO+tDxSd0pj7X0C9P4CuNDlD8MzJ3vpq7KxuQ3o7WJ4pP7Ez51++Pw+D4VoVnK/7ezJ1lzSwAjebfAX+h+ATPlP8k9GNr1fgm5b71ZP33ZO4Ua1oBKMLu1teKT/RM+Y1c2+j7fNvNKxR/beZ8kb3JBaAo/iJQf7Jny9erX12VqcVaSvXOsEYWgCIdrvikz5a/CPjSDr6KZf3/Zc7PDQAFG8U6QPHJT7nbV61fQgNABxpN3OVKVX6Z7B7WCAKQxlhWf8WBQHn6wNpJAFIaxzpCcTBQ+flSIfUrogAk49sp+raK9QFB5eYrxm4hAFC1sbpf+10fFFRevnHQ7wQAg5jUOlFxYFA5PaFq9zgACKZUtQRAfXBQ83vQWkMAMBhTW6crDhBqbndbKwoAhsL0qlaCrA8Sal63WcsIALpgJutcxYFCzekGa1EBwDCY1bpAcbBQ53eltYAAYDjMbl2sOGCoc/PjNbcAoAXmsi5THDTUefnbdrMJAFpoHusqxYFDnZOv5T+jAKANfPesaxUHD/V8J6m6hBcA2mYh60bFAUQ91zGq7uQGgLbrbd2iOIio+/NdvMYTAHSjxa3bFQcSdV8HqdrXAQC63dLWnYqDidrb19beqrb3BIAes5x1r+KQovb0qbWbAKBD+EJj9ysOK2pt71k7CAA6zCrWw4pDi1rTm9ZWAoAO5evNP6Y4vGj4etnaXADQ4da2nlIcYjRsPWP1EQA0hG87+KziMKOu5T9NrSMAaJgNrRcVhxoNXf6h+moCgIba2HpFcbjR4PN7K5YXADTcZtYbikOOfrhbraUEAIXoa/1bcdjR97vOWkQAUBi/hv0dxaFHVZdb8wkACrWd9YHi8Mve31XtugYARfOlDD5WHIJZO8eaVQCQxLaKgzBj/p4/yzkDSMdXtPxKcShm6ThrSgFAUnspDsYMHWZNIABIbARrH8UBWXL7W2MIAKCRrQMUB2VpfWLtrupFDwDw/0azDlYcmqX0trW9AAA/aEyrv+LwbHq+FtIWAgAM1jjWEYpDtKn5vgh9BAAYKuNZRysO06b1oLWmAABdMpF1rOJQbUq+nPMKAgAMk0mtExWHa6d3o7WEAADDxe+UPUVxyHZqV1gLCADQElNbpysO207rAmtOAQBaanrrLMWh2yn5C9TMAgC0xUzWuYrDt6c73ppKAIC28nXz/a2W+hDuqfyehQkFAOgWs1sXKQ7j7s7XL/K7lwEA3ci3T7xMcSh3R59Ze1gjCgDQI+axrlQc0O3MN7X3LS0BAD1sfutaxUHdjl61+goA0DEWsm5QHNit7BlrIwEAOk5v6xbFwd2KHrLWEgCgYy1u3aY4wIenu6wVBQDoeEurWomzPsiHpZusJQUAaIzlrHsUB3pX8quLFhQAoHH8bZv7FQf70HShqvsMAAANtYqqD3DrA35wnWHN4r8ZANBsa1iPKQ76H+oEq1f12wAAJVjbelJx4A/akaq2oQQAFGY961nFwe8daI098JcCAEqzofWCBg7+z609rZEG+TUAgEKtbn2p6gVg29r/AwAUzl8EPAAAAAAAAAAAAAAAAAAAAAAAAAAAAAAAAAAAAAAAAAAAAAAAAAAAAAAAAAAAAAAAAAAAAAAAAAAAAAAAAAAAAAAAAAAAAAAAAAAAAAAAAAAAAAAAAAAAAAAAAAAAAAAAAAAAAAAAAAAAAAAAAAAAAAAAAAAAAAAAAAAAAAAAAAAAAAAAAAAAAAAA0FX/BzVo5foicfGyAAAAAElFTkSuQmCC\" /></p></td><td><p>Untuk ditindaklanjuti</p></td></tr><tr><td><p>Kepada </p></td><td><p>: Departemen Keuangan</p></td><td></td><td><p>Untuk diperhatikan</p></td></tr><tr><td><p>Dari</p></td><td><p>: Departemen IT Development</p></td><td></td><td><p>Untuk dipelajari</p></td></tr><tr><td><p>Perihal</p></td><td><p>: Maintenance Sandra 2 Mei 2026</p></td><td></td><td><p>Pemberitahuan</p></td></tr><tr><td><p>Tanggal</p></td><td><p>: 26 Mei 2026</p></td><td></td><td></td></tr></table><p><strong>INTERNAL MEMO</strong></p><p><strong>Assalamu’alaikum Warrahmatullahi Wabarakatuh  </strong></p><p>Teriring do’a dan salam semoga Allah SWT tetap melimpahkan rahmat dan hidayah-Nya kepada kita sekalian dan semoga kita tetap menjadi orang-orang yang beruntung. Shalawat dan salam tetap tercurahkan kepada Nabi Muhammad SAW, keluarga, dan sahabatnya. </p><p>Dalam rangka ajuan pembayaran Maintenance Sandra 2, maka kami bermaksud untuk mengajukan pembayaran bulan Mei 2026.</p><p>Dengan ini kami memohon izin untuk ditindaklanjuti ajuan pembayaran dengan nilai Rp. 11.000.000,- (Sebelas Juta Rupiah) untuk pembayaran Maintenance Sandra 2. Untuk informasi lebih lanjut dapat menghubungi <strong>08996088213  Sdr. Hendra Gunawan.</strong></p><p>Demikian surat ini kami sampaikan. Atas perhatian dan kesediaan Bapak/Ibu, kami haturkan terima kasih.</p><p><strong>Wassalamu’alaikum Warrahmatullahi Wabarakatuh  </strong></p><p>Hormat kami,</p><p><img src=\"data:image/jpeg;base64,/9j/4AAQSkZJRgABAQEA3ADcAAD/2wBDAAIBAQEBAQIBAQECAgICAgQDAgICAgUEBAMEBgUGBgYFBgYGBwkIBgcJBwYGCAsICQoKCgoKBggLDAsKDAkKCgr/2wBDAQICAgICAgUDAwUKBwYHCgoKCgoKCgoKCgoKCgoKCgoKCgoKCgoKCgoKCgoKCgoKCgoKCgoKCgoKCgoKCgoKCgr/wAARCADGAT0DASIAAhEBAxEB/8QAHwAAAQUBAQEBAQEAAAAAAAAAAAECAwQFBgcICQoL/8QAtRAAAgEDAwIEAwUFBAQAAAF9AQIDAAQRBRIhMUEGE1FhByJxFDKBkaEII0KxwRVS0fAkM2JyggkKFhcYGRolJicoKSo0NTY3ODk6Q0RFRkdISUpTVFVWV1hZWmNkZWZnaGlqc3R1dnd4eXqDhIWGh4iJipKTlJWWl5iZmqKjpKWmp6ipqrKztLW2t7i5usLDxMXGx8jJytLT1NXW19jZ2uHi4+Tl5ufo6erx8vP09fb3+Pn6/8QAHwEAAwEBAQEBAQEBAQAAAAAAAAECAwQFBgcICQoL/8QAtREAAgECBAQDBAcFBAQAAQJ3AAECAxEEBSExBhJBUQdhcRMiMoEIFEKRobHBCSMzUvAVYnLRChYkNOEl8RcYGRomJygpKjU2Nzg5OkNERUZHSElKU1RVVldYWVpjZGVmZ2hpanN0dXZ3eHl6goOEhYaHiImKkpOUlZaXmJmaoqOkpaanqKmqsrO0tba3uLm6wsPExcbHyMnK0tPU1dbX2Nna4uPk5ebn6Onq8vP09fb3+Pn6/9oADAMBAAIRAxEAPwD9/KKKKACiiigAooooAKKKKACiiigAooooAKKKKACiiigAooooAKKKRmVRlmAHqTQAtFeZ/Fz9sT9mz4G2klx8SPi5o9g6Y22zXqGRznGFGcevUjoa+Sfir/wcW/sR+B3ubPwzc3OrTw7hCRKirMQxUBdpIOeCOfm/hz1oA/QKjIHU1+SHi/8A4L7/ALR3xRuDZ/sy/s+ajfSExxxC30eSXzWkHyN84+XLFEUZ5LckYOMm2H/BfT9rN4o4vhve+EtNuJDKZ9fuxZKygsFLRlujDDYxkDaPRSAfrd4l8feCPBsSy+K/FunacH+59su0jLfQE5NeTfFX/go7+xj8HLC8vvGfx20RfsP/AB8Q212sjqew4OBntkjOK+CLP/giF/wUV+KzR3Pxq/bU03RkmYCa10SGeUwpgEgEMgJ69zzzzXqvwz/4Nwv2S9OsIYfjz448QePHTaxivJBBCGAxjaCQwIAByOfbjAB1Hi//AIOBf2INDsJrrw/rE+qPGw8uOKQZdQRv+6GO5fmOMYIxzyQvlXjD/g5Q+FzRGD4ffBvU725a2DxQxlpt7N0w6ptUcjOQSRnGTxX1H8M/+COH/BN34UHd4Z/Zb8PSkRhFOoQGfaB6bvX39ABgcV7J4a/Zn/Z28Gwww+F/gX4RsRbuHgNv4dtlKMBgMDsyDjv/AI0Afma//Bdb9u3x8sA+Ev7Cmv3kZjNxJcRaexxEGYZO4MpGE/hJJ3g8DJGNq37UP/BwZ8Z9Udvh/wDsy634dtmto8y3ojiyW4DAqQqNyGKgcewBFfr7aadp9hEILGxhhQKAEiiCgAdBgVNgDoKAPyKi/ZY/4OKPiz4et7Txx8WdA0C4ZmmNwmoRiSLcwUowjf5iFAP3uQcZOMiHUP8Agjr/AMFhvHN1O2v/ALcOnaJavbr5VrZ3k0iCckZcoqBQQC+G+bOcYAJI/XuigD8jrz/g3g/bV8R2Rh8Tf8FPNZjeRVSUWFrOAUHY5cFufmwTgE98cx2X/BtX+0FdQH/hIv8Agpf4rmnDYW4itHDBRgIPv4wFVQeASOM8A1+utYHxM+KXw8+Dng68+IHxQ8Y6foejafE0l3qGpXKxRooGTyTyfbrQB+ZMf/Buj8cPJnjm/wCClXiz998r7tK3qUAwp2eYPmHUHPynBXGBX5jf8FFv2gv+Ckn/AARD/bO0r4bfCv8Absk8eWzp9qsbCezikKglCYJ4gzSLuZ8gbhux3yRX2T+39/wcifFj9pX4iXn7F/8AwSb+Gus69r17K9lL4ssYSfKYlArocbRGcsCxIx6ntvf8EuP+DYu7s/ioP2xv+Coniabxr40ub5dQi8OXm1oPNPzZuACQzAnBX7vHHByQD9Wf2Mfi94u+Pf7K3gL4w+P/AA/NpOueIfDFpe6vptxFse3uHjBdCv8ADhs8emOBXp1R2lpa2FrHY2NtHDDCgSKKJAqooGAABwAB2qSgAooooAKKKKACiiigAooooAKKKKACiiigAooooAKKKKACiiigAoorzz9q34++G/2Yv2fPFXxw8VXSxWugaTNcAlgMuFO0cgjryeDwDwaAOF/bu/4KKfs+/sDfDybxf8WPFNmt+0ZNjpLXSxvMx4XJPCgsQOcZzX5NeL/+Cmf/AAVW/wCCoXj7/hFP2Cfhx4hstImuSsuoQF7a0gRcMsheT5QNp5IYEF1ByxUV5H+wj+zd8b/+DiD9uTXfjp+0B4s1CH4OeEtVdpobe/kUasRMmIYjgDaQmT8uBlgD6f0LfCH4LfCz4CeCLP4dfCDwNp3h/RrGIJb2OnW4RQAOpPVj7kk0Afkt8Jf+DaT47/Gi/HjH9vr9r3VL97yQS32g6LcPIrNnPLsdq/xHgEHIyM5J+zf2ev8AghF/wTa/Z2jt5dE+CC67e28SomoeJbtrmXgg5yNo6juCcEjJr7EooAwfBHwv+HPw101NH+H/AIH0vRraNCiRadZJEApOdvygcZ7e1b1FFABRRRQAUUUUAFFFFABR061wf7RP7THwT/ZV+HV58Ufjn4/0/QNJtIJJPNvrlUaYohYogJG5sD8yPWvxN/aq/wCC/n7Wn/BTX4gS/skf8Eq/hprFpa380lvP4pIkieaL5ld1kjwIiFZTgyAHBwfumgD9Bf8Agqr/AMF3P2Vv+Cbej3fg6TW08S/EGW1P9neHNJHn+VOyny1mKHCE8HaSDtOeRmvzC+Hv7Mn/AAV9/wCDiXxPa/EX9orVZ/h18H7u5l820BaKMqFVFKWznc/y4YE/KSNw2hq+wP8Agml/wbWeBPh/dWH7Qf8AwUR19/iV8QJoYbiOz1RjNFZSbi5EhkaTcwJAwhA4/Afq3oOgaJ4W0a28O+G9Jt7GwsoVhtLO1iCRwxqMBVUcAAdqAPn39gX/AIJb/sk/8E8fAMPhj4J/DLS01aTbJqniSexRry7mAI3GQgsoAJAXOFHyjAAFfRtFFABRRRQAUUUUAFFFFABRRRQAUUUUAFFFFABRRRQAUUUUAFFFFABRRRQAV+SP/B2r+0dr3w4/ZF0f4L6HqhsY/Fdyft9zGcyFNwRFVcg9d2T24wQeR+t1fgl/wd863q3iH4xfCj4W20sscFy8MspcMYyPMcfwkgcup5UH5OM4zQB+iP8Awb5fss6H+y3/AMEyPAWk2WmwQah4hsF1XV5I7cRtJM6gZbvnIJ5J5Y19uV5r+xzpVton7K/gDTLS7E6ReFrTMoUjcxjBbggH7xPUZ9a9KoAKKKKACiiigAooooAKKKzfGHjHwx4A8N3njDxlrdvp2mWEJlvLy6kCpEo7kn34HqTigDSJAGSa+A/+Csf/AAX2/Zf/AOCcXhu78J6Pq8Hif4hSxsun+H7RshH5AZz3AYAH0z+FfG//AAU5/wCDjLxT8dvHd5+xV/wTA0SbxFrF6sltL4m09pMiYEphDG4O3JGDgjcPm+UZrsf+CVn/AAbhQtr6/tVf8FMoovFfjK8dbqz0i6iYmJmCtmVmkLEqQ4wVU4btjkA+Qfgl+x3/AMFTP+DiX42L8Z/2r9Y1bwv8J4L6Iw6TK7xQG235Kxg43NtOD0JIHyjGa/dr9hX/AIJx/ssf8E8/hvF8PP2ePh7aWJMai/1eW1i+13j4wzu6op5OTj/CvZ/DHhXw14K0SDw34R0Gz0ywtl2wWdjbrFGg9lUAfjWhQAUUUUAFFFFABRRRQAUUUUAFFFFABRRRQAUUVDqGoWWlWUuo6jcpDBBGXllkOAqgZJP4CgCaivye/wCCs3/B0L+zd+xyup/B79nCT/hMfHkavCZ7eIPaWD7Mq7sWAPJAGN3rtIHP5FX3/B0h/wAFYj40j8bWXjqzt9JF+s39kyWcrwyLuY+UX3jgjcPlA6ZHIzQB/WtRXwD/AMEKf+C2HhD/AIKvfCi70jxDoh0b4geGII116we4RhdDaoNwgUL8pYngL2PTFff1ABRRR060AFFZfivxr4S8C6RLr3jHxHZ6bZwRl5bi7nCKqjGTz16j8xXxn+01/wAF8/2GvgGLjSfD3i6XxRqsM/kiDS4t8W/qwJB3DAB6qM+tAH3BVTWde0Xw7YvqWvatbWVvGMvPdTLGi/UsQK/Cv4tf8HAv7f8A+0T4jvPDf7Kfwp1GGBy8OnSaDoM8jlyP3cm5xkgkEspPTOB6eb3f7C//AAca/tvXR1Lxp401rw9a6g7KX192giSFyMnYMbflyNoU/MASwHNAH7j+Ov2+/wBjf4bLIfGP7RPhi0MT7JF/tFXIbJAXC5yxI+715HqM/wA5/wDwcz/8FGfgB+1L+2f4Os/gT4ph1qw8ITwSarqcILwOUk4TqQRjJKlc/KD/ABCvoHwj/wAGa37RvjORtR+Pf7ckclzdxgTvp9vK7R/wlWWQsJPl6AMAe5GePzf/AOCwf/BGX4z/APBJH4gaPo3jTxZaeJPD3iGMnSddtI/LJkAJMboTkH5WwR/dPTjIB/XJ+xv4x0fx9+yv4A8WaD5H2W78K2TRrbSh41/dKMKQSMdxz0Ir0uvwv/4M8P24PjP8SvBviP8AZa+Id7PqGg+HIR/wjd06n9wFUMY2J+9hTtHoFQY71+6FABRRRQAUUUUAFFFeM/tzftzfAv8AYC+BOqfHL44+JYbS2tLeT+z7DzVE1/cBGZYY1JGSSMcdBz2oA6r9oz9pP4P/ALKvwyvviz8avF1vpGk2UMj75nAaZlRn8tASAWIU9SB0yRX8+X7W/wC23+1l/wAHGv7Sq/so/sq+HbzTvhfY3bxPqgdovNRvmEkke/kFE3YLY6biABnLv739tv8A4Oh/2mPIsUn8L/CnQ9VtoJGVykKW2WZ1Ybv9YUXf0bkL0J4/eT9gn/gnZ+zp/wAE9PhFZ/C/4JeELOCWKJRf6wLUJPduBjcx5PT1JJ6kkmgDyj/gln/wRX/Zp/4Js+C7SfR9Gh13xgF3T+I7+HdLCzDBWMknAxx/kY+0KKKACiiigAooooAKKKKACiiigAooooAKKKKACiiigAr4y/4Lx+D/ANp3x7/wTu8ZeFv2WLmeHXLizPny20qI6xgrwGYgrkbhkdCQe1fZtBAPWgD+YD/ggp/wb3fHD4//ALUtn8Z/26fgnqWl/D3w40l3PpviC241y5+ZVjJ3fMocEnHOVzkYAb9y/wDgoH/wTk/ZH+Kf7E/if4aP8FfDmmWWjeHbh9INlpkcRtikRKqrKM7SyrkHrjGR94fWgAHSvD/+Cknj6L4ZfsNfEzxnLKkYtPC9wfMkj3BcjBOPUAkj3H4UAfza/wDBqb428XfCr/gsBY/DW2uCsOraRqFhq0Knh2hOBx3wS/v+tf1dV/Lf/wAGhvwy1H4nf8FQtb+J8Eswg8OeGri7uZCuW/fyEKHwu3BK4PTBKlcECv6j5HWNDI7YVRkk9hQBwP7Rf7TPwg/ZZ+Hd98TPi/4pgsLCxi3mHzoxNN14RXZc8Bj1AwpPavx//aq/4OxdUu/FN18Kf2Rvgw9/eTSSQx6lMjvPAQwTIQAq2Ceo56HFfD//AAV8+Ofxo/4Kof8ABYy0/Yn8C+J9SttFk8RxaPZ2a3jBNroJZHKkkDbFuPPckYwBX72fsA/8EZ/2J/2APA+n6P8ADr4WWN/rUKiW71rVUFzIbg4LNGXGQMjAJy2AMmgD8nfhv+xf/wAFoP8Agrlq03iv4+S6v4S0BRFJaahrl+1t5hURpmNADuOCGG7GQGOWwC32x+yr/wAGwH7Jfwl1CPxb8c/F+r+MtVYebPb+aI7czHhskqTImAoAIzxySDiv08VVRQijAAwAO1LQBxfwr/Z1+B3wS0pNH+Fnwu0XRYU282diiuxUYBLYzkY/Cu0oooAK/E//AIPPfhbqPiP9l/wR8RrfSDPHoutANNEhLRZ3KSePuYkOfcjPA5/bCvkP/guD+yja/tc/8E9vGngMQwm7s7Jru1eZgOVwdozjqyp3B44NAHgX/Bq78EfgZ4S/4Ju6D8Ufh1p8cmsa1PINZvWX5/OUnd3/ANojOB0I7V+nNfhJ/wAGcf7XaWvhTxz+xd458Qqmo6Zq7T6PZXc6LIqAHKgM2Sd3mgKucBD2GR+7dABRRRQAUUVxP7Qvx/8Ahv8Asy/CfVvjH8VNbSx0jSYC8sj5+dsfKg+vr2oA5j9tT9tP4KfsK/BLU/jV8afEUNtb2lrM9jp/m4nv5UQv5ca8k9BkgHaDk1/PnN8N/wBs/wD4OWP294dZ8ZS3vh/4U6Xfl44ZX8uKK0XPltHsBDFlK84JAJJzuzWt46uv2uv+Dkj9uWbQdLN9pfwy0G7jRrGLzEhit8kFmkDIvzx4dlIJXdtBLHj9/f2O/wBj34PfsVfBrTPg/wDCPw9bW0Fnbqt3eR26o91J1LHHQZJwo4FAB+x7+xt8Ef2IfhBY/Br4H+G1sdNs0CtKwHmTY4BYgAZwAOAOg9AB6tRRQAUUUUAFFFFABRRRQAUUUUAFFFFABRRRQAUUUUAFFFFABRRRQAV+ZP8AwdQ/tU6J8Cf+Cb+ufDo6z5Wq+M0+xWdrHIyvKrkRkjBGVAZyRz90cd6/TO4uIrWB7md9qRqWdsdAOSa/lT/4OSP219b/AOCjP/BRHSv2cvgXLc6tpfhqWPTNMtLTLreX0p4fCjnajdcHbvfnrQB9t/8ABlB+zpe6H8Iviv8AtOapA8Q13VbbRtMO5Cs0MILu2MbhiQsvPHXHev3RuIzNbvCrlSyEBl6jjqK+e/8AglZ+x/pn7DX7CvgD9n21tRHeabokMurHYqs11IgaTftJUuCcMRwWBPevoegD+Tf9oSe+/wCCf3/Bxda/FDxvb3Ftp0HxBS+haYAs8MqNAd27oC5ye+1s8Hgf1d+HPEGk+K9AsvE2g3sdzZahapcWtxE4ZZI3UMrAgkHIIr8Rv+Dub/gmpqfxK8Baf+2p8NNL86/8PxONcROXaAAFz0JJwFYAH+AjA4z9Cf8ABsL/AMFStL/bU/Y7svgJ8QNStIfHHw6t0094zLGj6jaqp2SpEoG3aoGeMHnH3WoA/UKiiigAooooAKr6rptnrGmXGk6hCJILqB4pkI4ZWBBH5GrFFAH8vf8AwUx+Df7RP/BBL/gqhD+158GD5nhLxHqhvoBGhEciOzboZRjaSCHKkdwQevP9DX7A/wC218LP29f2c9B+O/wy1eCZdQsYn1C0jmVmtZivKsFJxzn8iOoIrG/4KT/8E+fhR/wUX/Zr1j4H/ETS4TdTW7to+oMSptp8cHIBOPfGQQD6g/zmfscftQ/tT/8ABur+39efA34q2lxN4Iv9Xa3vo7wSCF4WbZ568oMj5S49UBGO4B/VtRXL/Bf4u+D/AI7/AAy0j4r+A73z9L1m0We2YkEgHscE4NdRQBm+L/F/hvwF4ZvfGPi/V4rDTdOgaa8u5j8saDvxyT0AA5JIAyTX4Zf8FBPjz+0R/wAFm/2r7b9lr9mux1Gw8D2N0I5pGuJITcHjDy9YtuCGIzjDg5xnd+uf7cv7OXiL9pj4VjwFouoOI3nBnsxOsQYdN4YjqM4x6E4waz/2F/2BPhP+xZ4Nkg8NaTbzeINUPm6vqptkV9xAzGpUfdHTPfGcDJoAl/4J+fsHfCz9gX4H2nwt+H9lE97Kiya3qgh2PeTDOCRuboDjOST3J4x7vRRQAUUUUAFFFFABRRRQAUUUUAFFFFABRRRQAUUUUAFFFFABRRRQAUUUEhRkngUAfGf/AAXV/b10P9gn9gnxV44kvguta1YTaboVt826aaRRGB8vIG6RMn0z2zX4s/8ABqZ+wbdftmftqeIf23PjbaS6np3ga4+1Ws19bs63OrSMGVg7KRlOCAD03DoMVB/wdNft2Xf7Y37ZGh/safBp59Qj8NakLKS1tic3N/LIscUGMDJ3fNj1YfWv3P8A+CMH7ENr+wJ/wT48C/Ay405rfWDYDUPEIkQBzezfPJnn1JOO248CgD6pRQihR2GKWiigDlfjV8IvCXx1+GGs/CvxtYpPp+s2L28weJX2EjhwG4yDg++MHgmv5Yv2rvgb+1P/AMG7H/BSiz+Pnwb06WHwy2oGXTXRCbWa3YlZLV8qFIxkqduAHA+v9Y9eC/8ABRL9gT4Pf8FDv2etT+CnxU8P21xLJEzaRfzAhrOYgjcGXkcEjjB9x1oAof8ABNL/AIKL/BP/AIKQ/s46P8ZPhf4mspdSayjHiLR4Zf3tjc4w4KHDBdwODjg5XOQa9s+JXxJ8E/CLwTqPxE+Iev2+maRpds015d3DhVVQM4HqT2Ffyjzzftwf8GzX7e6atpH2288KXWpMZNPlkEcGuWqhgI5CVYI+1iQR95eQejDsv23v+Cyf7c3/AAXw8X+H/wBj/wDZw+GWpaFa6uix6j4Y0OV5Be8sHZ2Vs+UQ6hlclSVHIyQQD728R/8AB3/8H7r9sbS/g38Ofhbcan4Lu/EEWkv4hSRCrl5VjWZSxUlNzckcALkbgc1+qn7VX7U3h79m39lDX/2oLqON7DSdB/tKMXJATYU3gthhxt9D9M1/Jt/wU8/4Ix/tDf8ABJix8HeP/iH4lgv49anja3ktICr2s6KGy20sF/eK4HJ42HOWwP3B/a0/bl+H3xv/AODbO/8AjDNbW1v/AGr8O4tN/sq5GJdywbIyIwuQGCoQQFXDA5UdAD0D/ghn/wAF3Iv+Cs/izxx4G1zwAdC1HwtHDcWypHxNbyvKEYkMQDiM5HbAHPU/pDX8Y/8AwRR/4KmTf8Eof2q7j426j4Ll8QaJq2jPp+r6ZbOqStzmNwzdACWzjnkHnG1v07/aP/4POb/xTYReHP2Pv2YtTGrT/dn1iRHIIydqoiuW+6M/KMqzYKkDAB+8fjz4i+Bvhh4cufFvxB8U2ekadaRGSe6vZgiqo647k+wya/mc/wCDq3/gpj+zL+2p8QPCHwq/Z7WPVn8MSST6p4kU5V8hkESenOScHooP8XHdfBn9nz/gtL/wWY1tfH/xr1TVdC8N3DwTW9nd3FzDbQxPIR5fl4Hl4P70hmzweOML+rX7Hn/BAL9hT9m7RLHU/G3w3svGPieKOM3Gq6rbqVDI4dAoAzhMADJwcEkZYkgHyB/wZ1fEv9pLWf2d/E/w5+JVpqH/AAiGl3Il8NS31sVGxggXY55I+VwF6bQCO5P7UVz/AMOvhT8N/hHozeHvhn4J03Q7JpC72+nWqxqzepx1Pua6CgAooooAKKKKACiiigCDU70adp81+YnfyYmfZGhZmwM4AHJr5d+I/wDwU+0HwDrEmjL8H9avXgmKSyWwZlbHBRSUALgkZGcc4yc5r6oZQylWGQRgism9+H/gTUiTqHgzSpixYsZdPjbduOWzlec9/XvQB+bvxX/4OEfGHgewa98P/saa7e+WxaT55XXysZ3g7EGBzzz0+uPnXxn/AMHWH7VOn38svh3/AIJ63S2ccW5lvkug+0A5KlQSW7hSuCBjI6n9px8M/hysLW6+A9GCOFDINMiwduccbe2Tj0zVSX4KfB64tvsd18LPD00XmeZ5c2jQON/97BXr7+9AH4Vr/wAHgP7UFtZPZ6j+wLqUNypLec2m3DHYNoJxuQLgnnrzx3GJh/weV/FTQ7eEeL/2FNQiBdQbrMkIl+XnCtkDkMQoYnjG7rX7cz/svfs53dq9lefBDwtPDJgvFPocDqSAQGwykBgCQG6jJ55rN1D9i39k7VLGXTr39nvwo0U0zSyY0eJWLscsdwAYZPJ55oA/H7wX/wAHr3wQupSvjr9l3xDbKMqDaGLueHz5zdBkFcDPB3DkD6W+AX/B17/wS4+Ld8uk+MvHN94TuWcLv1SzkSD7pO7zJFQAfKR6/MvBycfUHj//AII4/wDBM34llT4s/Y58FT4MhYJo8aeYXChmcgZZvlX5ic8da+Y/2k/+DVr/AIJWfFyOTVdA8ITeAY4I3bfoUohihyoyzYK7gMZw5IGTjHNAH258Df26f2R/2j9Dg8QfBz4/eGdaguAPJFvqse5sttGATzk8cZr1hHSRBJGwZWGQQeCK/j//AOCq/wCwJ8If+CR/xW0nUf2Vf26v+El8TSag3lWmiZhuNPiVSXLyRuwwGKLhj83OemK/Wn/g1P8A+Cq/7W/7a2h+LfgL+0ZG+u2Hg22tW0nxhJCRLK8glLQSNkKSqxAnaCf3i8KOSAfsxRRRQAUUUUAFFFFABXy7/wAFdv2+/AP/AAT2/Yz8UfF/xRqijU3sJLfQ9Ohu0juLmdgQoTJB5YhcjoWB7V9RE4GTX82P/B3b+2TJ+0N+094H/Ys+E+qHUo9DkEt1aWbBvPvp3EUKAqfmyc4Hrg+wAOK/4Nhv2FPEX7fn7fmsftufHnSU1fQPCF/LfTyXtqZI7jWJGWSNRu+XaqscDnAPAG0Gv6gwABgDAHQV8mf8EVv2BtN/4J4fsD+Dvgzc6PBb+I7uwj1HxbPFGVaa+kXc27IDcZ+63KkkdBX1nQAUUUUAFB4FFcD+1H8YYfgJ8APFXxYkUNJo+jzTWyN/FLsO3tzg8474xQB/PF/wd4fti+E/2iP2mfB/7KXwt0u31S+8JySve3Vlbq88lxJiNYQQCzZIbv8Aw+5r5o/4IQftDX3/AAS+/wCCoPhLWf2mfh9qOi2XiiwOmONQtFSWAXJ2RTfORhck9Oclexr6B/4N0PhCv/BS3/gsj43/AGp/i1bpqWm+D7O41n7PqEPmBnmmMNtGuRhSBluo+UMOQa+1P+DsT/gl/oXxe/Z5t/2v/hZ4VgTxJ4UMcN5BYWYD3FsAxYYTrhAW6Zyg5x0APq//AIOAP2KtN/4KC/8ABNLxBY+E4BqGq+H7Q+IfDMtqokaRo4i42Ef3gFGR1UkEgEmv5Qov2n/2i0+Bc/7HE3iC5uPC0uqBo/D01pvkhuRKrbIxjcGMijjBOcgYzX9Lf/Brv/wUiT9t79iM/s6/FDV57/xX8PLRdNvXusl7uxK7UkaTguxBySTuySOwr2mf/g3a/wCCYtx+0mP2n5vgpGdcN4l3La/aJPsz3CPvSUR79iOCFyygFsc5ycgHxv8A8EfP+DaD9kLxb+w7oPxB/a8+HEmp+NfE8QvLyK+hGdPzkeUu4Zxgj7u3p1J5r9AP2eP+CJX/AATX/ZluotS+HH7NujG8hlSSK7voFd1ZSSp+VVzjJHzZyODkV9U6dp1jpFhDpemWqQ29vGI4YYxhUUDAAqagCtpWjaRoVoLDRNLtrOAHIhtYFjXOAM4UAdAB+FWaKKACiiigAooooAKKKKACiiigAoori/i/+0X8CPgDpL618avi94d8L26QGbfrmrw2xZB1YCRgSPegDtKCQOpr8s/2rP8Ag7W/4JnfBDTr/Tvg7q+r/EXW4VZLOLRbIrayyYbDec2AVyB3BO4Dj5ivw38Rf+Dkn/gs1+2frR8O/sH/ALLb+HtFuoEW11N/DrTz3AKsRIJZD5aMwyQEZvujHGcgH9D3ijxl4R8EaadZ8ZeKNP0m0U4N1qV4kEefTc5AzXxX+2J/wcT/APBLv9jtLrTdd+PVn4s1u3dkGi+DiL52kUBihkjyinB6k4zgEjOa/LTQ/wDgiN/wXp/4KSag2v8A7bX7UOp+HtJ1ICaXT7vUmELK/QeVFhR1ycqxxnrX1p+yH/wZ9fsRfBm6t9c/aF8a6p8Qr6CVJlgkiWC2LDPysnIdBnoRyQCTj5QAfOPxl/4PAv2nPjn4rHgj9gL9jCVftJ8uyuNfc3V1JLuOB5cOU5woA3ZO4j0rzfw5+yX/AMHNX/BWTWG1D40fGjxN4C8P3TrJ9ku76bTLZInbJCRW/XCEMFkkGRt5ya/ff4A/sH/sh/sw6TFo/wAEPgB4Z0JImRlltNKjEhZcbG3Y6rgYPbaPSvXAMUAfiz+yj/wZufsx+F508XftgfGnxF421WSTzLiwsZxBbMxIY7mwXc53KSSQck9cY/VH9k/9iv8AZt/Yn+H0Xw2/Zx+F+meG9NQsZV0+3EZnLMDucj7zcAZPPHJ5OfVaKACiiigAooooAKKKKAPKP24P2h9J/ZV/ZY8ZfHXWL9LWPQdHlminlkVEWTadpZmBAXPXP0BBIr+af/ghV8CPF3/BWj/gtNe/tL/FPR/7Q0Tw5qsvizW/tu0xRlZQtnbEEEMQNoAHQxhifX9F/wDg8Q/a4m+HP7JOh/s5eGNfe1v/ABTqiPe/ZrrDPb7ZBJC6jsyZzns49Rn07/g1A/Yesf2af+Cd1l8cde8Ni38SfFCX+05byVSHew/5dwAwyAVx0O04BHU0AfqV0oooyPWgAopEdJFDxuGB6EHIpaACvMv2y/hhJ8Zf2XfG3w2gt3mk1PQZo44Y1BMhA3bOSOuMdc816bSModSrDOfWgD+Yr/g2G/ag+H3/AAT3/wCCnXxD/Zl+PDHQE8aRnQ9JvtXX7OILqC6JhV/MYbRIrA554Gc9K/pA/aC8DeG/i58CPFPgnWkS5sdV0C5TMbg5zGxVlP1A5r8Z/wDg4I/4N1vir8efiBcfth/sWWds+sxRtPq2hwzGKacqwZWRjjaUG4gg9BjA61+Ydh+2j/wXx+Cnw3vP2WLbxV8XLfSjbNbPappM9zLFFk7gtyiMSMHruOABgjFAHun/AAb1+PtS/Zd/4L1at8DfCeuWz6Lr2raro1yEXdC6xyO0S5BO1lBdFOfvEA5ziv6lq/nX/wCDYv8A4I1/tP2v7VsP7e/7VPgDVNBsNLSS40KPXS8d1f3Mvz/aip5ZS3Q5OSsu7BChv6KKACiiigAooooAKKKKACiior6/sdMtJNQ1K8it4IULzTzyBERR1JJ4A9zQBLRXx7+29/wXR/4J1fsKW01h8Sfjjp2q6+ts00Hh3QLlLm4kA3gE7ScAshXI3c9q/Kb4+f8AB03/AMFAv2vPGU/wz/4Jr/swHTdLvybaDW9SsZ7u5K5IaVWiKCL5Vb5gdy9gGAoA/fr4k/Fn4Z/B/wAOTeLvih450vQtNt0LS3mp3ixIoAJ6sfQH8q/Ob9r3/g62/wCCan7Ol1c+FPhXf698UPEKqy21t4UsVNsZOQA0sjLjoDgDJBr8/vh9/wAEEP8Agsj/AMFPtSt/jF+3x+0bqOn2GrKjyaZqeoupEWUYHyEAQqVJUYG7IzuwFLfpR+xj/wAG0f8AwTy/ZXs7fUfEfgK38XayIx595qUJIDbQNq7mZtvUnkEk9hxQB+bHjL/gtH/wcBf8FMPEU3g39ir4Kap8OdIkYvBf2WgtHKyFw0YFxcIVZjGRlVDDBJ4xuO/8Of8Ag1k/b4/a61+bxj+3T+2BrcMepxi4voZZWeUXRbc58ttyYyTjCLzz0wT/AEAeB/hv4C+Gmlf2J4B8I6fpFrxmGwtEiDEDAJ2gZ4FbdAH57fsf/wDBtH/wTT/ZRmg1q5+Gw8XaxbymWLUtb3Fo2KqDs+ZmUDBIAb+I5zX3H4E+DHwm+GFnFYfD34daNo8ULEwrYafHGUznOCBkDk8e5rpqKACiiigAooooAKKKKACiiigAooooAKCcDNFFAH8xf/B478T7fxh+3d4Q+GWkO0h0nw888qo2Q0krJEB9QYW47bvc1/Qx+wR4Ts/A37F/wy8LWGRFaeDbIKrR7Su6IMV98FiMjg4yOtfzpf8ABz3odpef8FnfCSWF+sl1fvpsMii4CmL/AExQo7bOWJyfc5OK/pw+HWjJ4d+H+h6DG4ZbLSLaAFRgYSJV49uKAIfil8RNC+Evw71n4k+JWIsdF0+W7uADgsqLnGTwMnA/Gv5Y/wDgqR/wct/trftOfGLVPDn7Pnje58CeDNKvpoNMjsoYzdzqrkb3Zk+XuOACQATyAB/VX4s8M6X4z8M3/hTWoy9pqNpJb3CqxBKOpB5H1r+ST/g4W/4JKaN/wTW/aGh8SfDnUmk8KeMbyaW2s7i5DSWk7ZkKoMKxjYbiOCFPy7j0UA/bX/g1j/am/aF/at/YI1Lxn8f/ABNe61dWPiWW1s9VvnDNcYLbyMcAcKCvGGBIGGFfptX53/8ABrZ4W8O+Gf8Agjj8Pp/Dq/Jqd/f3t25Cgm4aXbJ0HADKRySTjPGQo/RAEHoaACiiigBGUMNrCsm/8AeBNUvDqGp+C9JuLgnPnz6dE75znOSpPXn61r0UAR2tpaWFutpY2scMSDCRxIFVR6ADpUlFFABRRRQAUUE4GTXkP7Wn7dv7Kv7EHgK4+Iv7SXxe0zQLK3wPIkmD3ErHGFSIHcSc98UAevVyfxi+O3wd/Z98GXnxC+NPxG0rw3o9hCZbm91S6CBVHUhfvP8ARQTX4Y/tTf8AB2b+0d+0Pr2ofCT/AIJZ/svalcTTP9ntPE2s6ebiZc8b1hjO1c87S7KQSvBxg+X/AAa/4I0/8FfP+CuXjqD4tft+fE/WtP8ADl3drJcWN7cPaRzxZBH7vCkEB2H3C2F+9k5oA+xP23P+Dvb9lb4S6zcfD/8AY1+G9/8AFTW1lMNvqETNFYySZG0IVBZw3OCuTxyvUV8L+J/iv/wcQ/8ABa/xM/h+2vdb8EeA9ULJ9g0+3NpZi1mcJjfDHvlwCF3MV46tzk/sn+xz/wAEBv8Agnt+x9ZW82g/C+213U4pA73+qWyEMQeBtO49OuWOcnscD7N8O+GPDvhHTI9F8L6Ha6faQrtitrOBY0UegAGO5/OgD8Uv2Lv+DOv4QeB/EmmePf2v/ire+K7qKYzX+kWk4WBnGGHO3L/NnJYkH+76/q/+zt+wz+y/+y14dj8N/B/4S6Rp8UcYQSmyRnIxjqR1OOT1OBkmvXKKAEVVVQqqAAOAB0paKKACiiigAooooAKKKKACiiigAooooAKKKKACiiigAooooA/lx/4OmrzSfh5/wWc8OeNNTtLhLG1stJ1G5mitx88cdwHkCDgMwKuT0zuHPOa/pv8AhV4isvF3ww8OeK9NZjb6noNndQF1AJSSFHGQCcHB9a/CL/g8y/Yu8TX0Pgr9s3w/p0l5a2TyaXrEsaf8esLBCm4DJI3j73QByO3P3f8A8G0f7fWj/trf8E3vDnh7Vtbhk8XfDwf2Fr1lubzFjjA8iUlidwZCOQeBgHnkgH6G1+X3/BzZ/wAEsPif/wAFBP2abDxj8DNKa/8AFPgyb7Va6XbhBJf8MvlEsRkYdgOTtYg4ALGv1BowD1FAH8jv7Gug/wDBw1+x34f1T9nv9mjw38Q/CWh6reNJqWnm2SS3tpcbXdG+dojyMiPkkg4Oef13/wCCaf7DH/BYnW/FWmfED9tb9pfWXtcRy38N1eyMZVYB0SJS2AAAAW25OSpXHNfrOLW2WTzlgQOQAWC84HT+Z/OpAABgDA9qAGWsJtraO3Mhfy4wu9urYGMmn0UUAFFFFABRQTgZNeDfthf8FMP2LP2F/C1x4j/aG+OuiaVNCjGPR475JL2ZhxtWFTuzkgcjvnoCQAe814b+2F/wUe/Y4/YU8PSa7+0h8atJ0SVYi8Wlm6RruXgEAR7hgnIxuIzkYzmvxQ/a0/4Of/27/wBtHxDefB//AIJgfAHVtG065n8mw8Uw2ss16+WdQ5O0LHlRuAG0gg53hebH7H//AAbMftVftoeJrb9of/gpT8Ydaur/AFG6869ttWkaZzG0bH5AXHGSv8KjPbAJIBq/tM/8HPP7Z/7c2uj4J/8ABKr9nDVdMNxc/Zv+EoulkmkkcgY2MoQRnLLhWwTnkEHFcn+yD/wbQfty/t5ePl/aR/4KgfFzUXttQvnkudK1LVJ2vZVaQs7oc/ulPzfIAvLfiP2v/Y3/AOCZf7Iv7D/hS38OfBf4U6XbSwoN189knmF8DcwwMAsRk8ZJ719A0AfOP7Hv/BKT9h39iHQV0j4J/A3RoJv+Wl/eWUc0rNx82WBw3Ayw5PrX0ZDDDbxLBbwrGiKFREUAKB0AA6CnUUAFFFFABRRRQAUUUUAFFFFABRRRQAUUUUAFFFFABRRRQAUUUUAFFFFABRRRQB5H+3J+yj4H/bT/AGYfFv7PfjvT0mt9f0ee3gkZNxilaNgrLyMHnGc8Zr+XX/gnl+1l8Zf+Dej/AIKiax4O+MWjagfDFxN/ZPi/TwBi901pQ0GoRcHcVA3Ar6uOSu0/1zEAjBFfm7/wXk/4IU+EP+CnvgCDx38MPI0T4k6FETp+pmMFLtN+TDIoG5gQzdGGCqnkjBAP0D+F/wAUPAHxm8BaV8Tvhh4ssdb0LWbOO607UtPuFlimjdQwIKkjODyOoPBrfr+RH4Q/tWf8Fpv+CAPjy7+Hr2ut6f4ctLg/a/D+u20l9oMv7x03RsDtgctvwMo2SCUORn9Jv2Ov+D0n4IeLFt/D/wC2x+z5qPha8fiTXfB7G8sxzxmGRvMGRgkg4BPTHNAH7kUV8C+EP+Dmv/gjf4uNtGv7U0OnSToWddW0uaAQjBPzsw28kYwCTkjgDmtTXv8Ag5F/4I2eHrKW9u/2ytFmEblAllaT3DuQM8LEjHHbOMe9AH3NRX5K/GH/AIPGv+CYfgnTLiT4V+HfHXjS8hyIoYdDNjHMc4G1rgg7e5LBT7Gvif41f8HYP/BSH9rnUX+HH7A/7MCaEbm6ihh1S3spdQvEdmwm7b+6gBJHLMRxyduQQD+i7xZ418H+BNIm1/xr4osNJsreMyT3WoXaQxog6sSxAAr84P24v+Dpz/gnP+ymJtA+GnidviXryAq1p4YuFeCJiOMyjKHHBILLweCTkD8s/Df/AASJ/wCDgH/gqR4va9/bH+KfizS9IuQks9z4m1N5LaSJ/mCxxW58lhgLgAnbuU461+iH7CH/AAaafsc/s/zReLP2gZZ/GmsI0ckUd3MGjhZT0XCgKeM7hycjG3byAfCPxW/4Lnf8FsP+CsepS+Af2L/hFceAPDt1L9mW78OQs8siM5Vt1xMMMWXapVQduHwctkew/sb/APBpf8Wfiz4jtPix/wAFHvi9qd/eTATX2lS6k08j7pCTHuDEr8h5+YBScAccfud8IvgN8H/gP4cj8KfCL4faboVhHGqCGxgAyFGFyx5OBxya66gDw/8AZN/4J3fsnfsXeF7fwv8AAz4U6dpyWybYp2hDyL9GbLe/JJzzmvcKKKACiiigAooooAKKKKACiiigAooooAKKKKACiiigAooooAKKKKACiiigAooooAKKKKACiiigAooooA5T4sfA34QfHTw/L4V+L/w40jxDYTJteDU7JZOM5wGI3Lz6EfrXwd+0n/wa3/8ABKH4/as/iLSvhJceDr+WQtI3hm9kggb73HkoyqPvDn/ZGc0UUAfPXjD/AIMvP2KdWu8+Fvj34x0qNo2Pljy5SGycAF84GCOoJ496w9D/AODK79l3Tb+ebWv2lfF17bkEWkMphB6n75SFO2Dx6kY4ySigD6E+BX/BqN/wS5+F8EV34u8DX/iS8WNN/wDaF6ZYmYMW3FZQ/qRhdo2gBt2M19r/AAA/YB/Y8/ZhgWL4J/ADw5osihALiDTY/MyqhQ27H3sDG7qe5oooA9hREjUIigADAAHQUtFFABRRRQAUUUUAFFFFABRRRQAUUUUAFFFFABRRRQAUUUUAFFFFABRRRQAUUUUAFFFFABRRRQB//9k=\" /> </p><p><strong>Jenar S useno<br />Plt SO IT Development</strong></p>'),(74,39,'id','Test Artikel dari Dokumen','<table><tr><td></td><td></td><td></td><td></td></tr><tr><td><p>No</p></td><td><p>: 070/DD/IT/IM/V/2027</p></td><td><p><img alt=\"Checkmark with solid fill\" src=\"data:image/png;base64,iVBORw0KGgoAAAANSUhEUgAAAYAAAAGACAYAAACkx7W/AAAVgUlEQVR4Xu3ddbxc5bWH8R9WvBR3gkspUChw0RJcijsUCcVKKFqsaHAoBClQnOAUK+5OgaIXd3dKcffetbovJOwFSU4yc87sdz3fz+f5B2Jn9p4158zs/b4SAAAAAAAAAAAAAAAAAAAAAAAAAAAAAAAAAAAAAAAAAAAAAAAAAAAAAAAAAAAAAAAAAAAAAAAAAAAAAAAAAAAAAAAAAAAAAAAAAAAAAAAAAAAAAAAAAAAAAAAAAAAAAAAAAAAAAAAAAAAAAAAAAAAAAAAAAAAAAAAAAAAAAAAAAAAAAAAAAAAAAAAAAAAAADTCWFY/a+TafwcAFGwS6x7rP9b54kUAAFJYwLpK1fD/tv6qfiIAABRqMetGfX/4f9vB1qgDfykAoBTLWrcrDv5B288a8dvfAABovpWtexUH/g/Vr/otAICmW8t6WHHQ/1hfW7v993cCABprQ+tpxSE/pD6zdhIAoJE2s15SHO5D20fW9gIANMpW1r8Uh3pXe1fVnwUAaIAdrPcUh/mw9qa1hQAAHc0/vP1UcYgPb69ZmwgA0HH8Bq59FQd3K3vR6iMAQMf4qfVnxYHdjp61fisAQI+b0DpScVC3syesNQUA6DFTWMcpDujuyG8sW1UAgG43nXWq4mDuzu63VhAAoNvMap2jOJB7ortVLTIHAGizuay/Kw7inuwOawkBANpmfusKxQHcCd1iLSIAQMv1tq5XHLyd1A3WggIAtMwy1m2KA7cTu9qaVwCA4baSBm7e3pQuU/VZBQBgGPnNVg8pDtgmdJE1mwAAXba+9aTiYG1S51kzCwAw1HzVzRcUB2oTO9uaXgCAIfqD9briIG1yp1m9BAD4UX9UtQNXfYCW0EnW5AIABLtanygOzpLyhesmEgDgv0ax9ra+VhyYJXaUNa4AILmxrYMUh2TpHa7qaweAlCawjlAcjlnyHcxGEwAk4x+GHqs4FLO1vzWyACCJsVTdJVsfhlnrJwBIYBbrLMUhmLW7rOUFAIWb07pAcQhm7VZrKQFA4eazLlccglm7TmweAyABH3Q+8OpDMGu+o5m/IAJA0fwtDn+roz4Es+Z7GbNPAIDiraDqQ876EMzaOdasAoDCrWE9oDgEs+argbIkNIDirWc9oTgEs3aCNZUAoHAbW88rDsGs+cJvEwsACtfXek1xCGatv/UzAUDhtrPeVhyCWTvAGkMAULhdrI8Uh2DGvrL2skYSABTMV7Hsp2ro1Qdhxj62/iQAKNyY1oGKQzBr71jbCwAKN551mOIQzNob1pYCgMJNah2jOASz9qK1qQCgcNNYJykOwaw9bW0gACjczNaZikMwa49YawsACjeHdb7iEMzafdYqAoDCzWtdqjgEs/ZPazkBQOEWtq5RHIJZu9laQgBQuCVVDbz6EMyavxD6CyIAFG15607FIZi1y1S9FQYARVvNul9xCGbtAuuXAoDCrWs9pjgEs3aWNYsAoHAbWc8qDsGsDbCmFQAUbgvrVcUhmLXjrCkEAIXb1npLcQhm7UhrQgFA4Xa2PlQcglk7xBpHAFCwEa09rS8Uh2DW9rNGEwAUbHRrf8UBmDV/EdzDGkEAULBxrf6KQzBr/vaXvw0GAEWbxDpacQhmzT/49g/AAaBovawTFYdg1l6z+goACjejdbriEMza89bGAoDCzWadqzgEs/aEtZ4AoHDzWJcoDsGsPWStKQAo3ELW1YpDMGv3WCsJAAq3uHWT4hDM2u3WMgKAwvletXcoDsGs3WgtJgAo3CrWfYpDMGtXWQsKAAq3jvWo4hDMmn/4PbcAoHB9rGcUh2DWzrNmFwAUbnPrZcUhmLUzrJkEAIXb2npTcQhm7WRrGgFA4Xa0PlAcgln7qzWZAKBgvma9r13/ueIQzNrh1vgCgIL5blW+a1V9AGbuYGtsAUDBfJ9a36+2PgCz9o21j/UTAUDBJrL+ojgEs/aZtbsAoHBTWscrDsGsva/qA3AAKNoM1mmKQzBrfsmrX/oKAEX7hfU3xSGYtVes3wsACvcr6yLFIZi1Z62NBACFW8C6UnEIZu0xa10BQOEWVbV+fX0IZu0Ba3UBQOGWVbVzVX0IZu0uawUBQOFWtu5VHIJZ+4e1lACgcGtZDysOwaxdb/UWGsffqzvHGrn+PwD8oCWsDxWHYNYetyYRGmcL6zVVB/FEsSwrMCSbWi8qDsGs+WWvcwmNs431lr5/MI+zJh70FwH4zlbWG4pDMGt+w5vf+IaGGdymFMdYEwz8pQDMDtZ7is+XrPlSF77kBRpmN1Wr8tUP6KD5CobjfvsbgOT8OfOp4vMka/52cS+hUUax9la1Hnf9gP5QvlsPGzYgM1+z3teuH9rnTIaOFh/4Ns6Y1oGKB3NIHWqNISCfn6ratar+nMhcf/HOQOP4AfMDVz+YQ9tB1qgC8pjQOlLxuZA5/wbSv5FEg/gVPUcpHsyutr+4TwA5TKHqarj6cyBrX1n9xPO/cVq9I5G/FzqCgHJNZw1QPPez9on1J6Fx2nUi7yWgTD+3zlY857P2rvVHoXFmsc5SPKCt6GuxqTPK43eyXqh4vmfNb3b7g9A4c1jnKx7QVvaF+LEQ5ZjfukLxPM/aS9ZmQuPMY12ieEDbkd8Us5OAZuutahXL+vmdtaetDYXGWdC6SvGAtrOPxHuEaK6lVa1fXz+vs/aItbbQOL4d3Q2KB7Q7el/VonJAk6xo3a14Pmftf61VhcbphO9i3hEfGKE51rQeUjyPs/ZP6zdC4/i+m77/Zv2A9kRvqtpbAOhk61tPKp6/WbtF1eY2aJjVrPsVD2hP9rq4egCdaxPrBcXzNmvXWr8WGmcd61HFA9oJvWJtLKCzbKnqG5T6+Zq1y6z/ERpnQ1WXatUPaCfl2+X1EdAZ/Eo1/5yqfp5mzW94m1NonCbtRfqcqvdbgZ60q6r1bOrnZ9Z8qQtf8gIN08QfYf0nFX+7Cuhu325+5EuX1M/LrA1QtUYYGmY7623FA9qEnlB12R3QXcZStYdF/VzMnK8K7KsDo2F2tj5UPKBNyj+w9quWgHYbX9VWpvVzMHO+v/dEQuPsYX2ueECb2IPWygLaZ3LrWMVzL3OHWOMIjeIbUe+reDCbnt9u7jevAa02rXWK4jmXOd/Fb3ShUfz9y5I3or7HWk5A67Rz/4sm5su172mNKDTKeMrx/uWdqtYwAobXL60LFM+xrPkKvbsIjTOJdYziAS2128UaJBg+86m6o7V+bmXNrxT0KwbRMFNZJyoe0NK7VdWGHEBXLWJdp3hOZe01q6/QONNbpyke0CzdZC0sYOgtpeqbh/q5lLUXVC10hwbqp3hAs/W4qrfAgCGZWc27I76d+T1CCwmNNZl1kuKBzdbVYnVCDN7q1gOK507WfFMb7rIvgH8GMEDxAGfrCmtuAdFvVf2kWD9nsnavuLGyKNNYZyge6GxdKpaqxff5/hLPK54rWfMr6JYVijODquVa6wc8WxdZswuormzxK1zq50jWbrIWE4rlH3Kdq3jgs+U398wqZNbkVXDbkX9Oxge+CfxC1a499RMgW/5C6C+IyMfvZvW7WuvnRNYuseYR0pjDuljxRMiWr/Hi90ogh5GsvawvFc+FrJ2vah4gmV9ZlyueENk6XdWH5CjbmNaBisc/c2eKn4JTm9e6SvHEyNYAVZfLoky+EOJhisc9cyeLb3xgFhDrnnh+w5xv+oGyTKpcCyEOTb6xDec6vuPr5dyoeKJky/c2ZdmIckwt7oSvd4Q1gYCaRcUiWN5frQmFpptJ3PxYzzeDGlvAj/A19P1OwPqJk62jVL1vjGbyq1r86pb6cc2cbwM7qoAhWMa6S/EEypb/qMyG183jFzb4kh/145m1z6zdBXTBb1QtCFU/mbJ1qKrLB9EM/lnWNYrHMWsfWDsJGAYrieVxPX/fdDSh0/nblzcrHr+s/dvaRsBwWNV6WPHkytYB1ihCp/KfWO9UPG5Ze8X6vYAW8E0hWCu9+hBtRKHTrGbdr3i8svac9TsBLbSO9ZTiyZatfkInWdd6TPE4Zc2/UfPNbYCWW1/Vdxf1ky5T31h7CJ1gI+tZxWOUNf+8zre1BNqmj/Wi4smXKV9JclehJ/n72/4+d/3YZO1ua0UB3WAT61XFkzBTfm31zkJP8Ctb3lI8Jln7h7W0gG60ufWG4smYqY+tHYTu5C+6Hyoei6zdYPUW0AO2FN+JvW9tK7SbX321p/WF4jHI2pWqVvIFeszW1ruKJ2em3rG2EtpldGt/xcc9cxep2tAJ6HG+uXb2H8v9rsu+Qqv9TNVyHPXHO3O+l7Xv6w10jB2tTxRP1kz5ZyL+2QhaY2LraMXHOXO+femMAjrQLuI9Wr86yq+SwvDpZZ2o+Phmzh+PXgI6mC87+7XiyZupl1TdpIRh49/h+ne69cc1c76lpW9tCXS8vRRP4Gw9b20gdNVsqt7jrj+emfPN7NmcCI3hl+z5wmn1Ezlbz4h1WbpibutixccxcweJ/SjQQL50si+hXD+hs/WktbYwJAtZVys+flnzt1H3FkuQo8H8+u0/K57c2XpULNI1OItbNyk+blnzq+lYawpFGMvqr3iSZ+shaxWhbjnrDsXHK2vvieVFUBi/medIxZM9W75pCSs2DuQviPcpPk5Z+5e4oxyFGl/c1OPdq2r7wuz8c5FHFB+frPmlw5sJKJjf2Xmc4smfrbusZZRXH1VXSNUfl6z5Y9FHQAKTiTs8PX/fe0nl40tlvKz4eGTNLxDw7VaBNKayBig+GbLlG3kspjx85dg3FR+HrPlnQqsKSGgacbu/d7O1iMrniwX63gn1rz9rd1rLC0hsButsxSdHtq63FlS5fH2ozxW/7qzdopxv/wHBzGLtF+8aaz6VZTRrP8WvNXPXWb8WgO/45hYXKj5ZsuVb/M2jMoxjHaL4NWbucpX3Ig+0xBxiITDvMmsuNdtE1l8Uv7bM+Tc4cwrAj/I9Tv27pPqTJ1v+QugviE00pXW84teUuXOsnwvAEM1rXaX4JMqWf8fYtH1fp7dOVfxaMneqqscFwFCaX9WHZfUnU7bOs2ZRM/iL1d8Uv4bM+U9C/hMRgC5a2LpR8UmVLX/7oNM3Afe37i5S/Ldn7ihVn4UAGEa9rVsVn1zZOtOaTp1pAVVXL9X/zZk7VNUKuACG0xLW7YpPsmydavVSZ1nUukHx35q5/VVthASgRZZWtYJm/cmWrZOtKdQZfDVTXpgH9qW1lzWSALScr6Hva+nXn3jZOsGaVD1rZXEsBu0jaxcBaCvfTesBxSdgto5Vz33AuJb1sOK/KWvvWNsLQLfw5XMZQNXuar7LWnfawHpK8d+StdetLQWgW61hPa74hMyW77PcXVebbGq9qPhvyJo/FpsIQI/wXZT4blQ6zBpb7eUblfuG5fW/O2t+3vlPQwB60HrWc4pP0Gz5qptjqD12sN5T/Duz5m8/+ucgADpAH/HWhHeQNapaazfrU8W/K2v3qboCCkAH2dh6VfEJmy3ffKUV16H/xNrH+kbx78jaHdZyAtCRNrfeUHziZmtvDR//POFgxT83czdZiwtAR+trvaX4BM7Wnho2E6i6sqj+52XOt+pcSAAaYWvrXcUncqa+UvX+fVf4EhPHKf5ZmbtU1f4UABpkO+tDxSd0pj7X0C9P4CuNDlD8MzJ3vpq7KxuQ3o7WJ4pP7Ez51++Pw+D4VoVnK/7ezJ1lzSwAjebfAX+h+ATPlP8k9GNr1fgm5b71ZP33ZO4Ua1oBKMLu1teKT/RM+Y1c2+j7fNvNKxR/beZ8kb3JBaAo/iJQf7Jny9erX12VqcVaSvXOsEYWgCIdrvikz5a/CPjSDr6KZf3/Zc7PDQAFG8U6QPHJT7nbV61fQgNABxpN3OVKVX6Z7B7WCAKQxlhWf8WBQHn6wNpJAFIaxzpCcTBQ+flSIfUrogAk49sp+raK9QFB5eYrxm4hAFC1sbpf+10fFFRevnHQ7wQAg5jUOlFxYFA5PaFq9zgACKZUtQRAfXBQ83vQWkMAMBhTW6crDhBqbndbKwoAhsL0qlaCrA8Sal63WcsIALpgJutcxYFCzekGa1EBwDCY1bpAcbBQ53eltYAAYDjMbl2sOGCoc/PjNbcAoAXmsi5THDTUefnbdrMJAFpoHusqxYFDnZOv5T+jAKANfPesaxUHD/V8J6m6hBcA2mYh60bFAUQ91zGq7uQGgLbrbd2iOIio+/NdvMYTAHSjxa3bFQcSdV8HqdrXAQC63dLWnYqDidrb19beqrb3BIAes5x1r+KQovb0qbWbAKBD+EJj9ysOK2pt71k7CAA6zCrWw4pDi1rTm9ZWAoAO5evNP6Y4vGj4etnaXADQ4da2nlIcYjRsPWP1EQA0hG87+KziMKOu5T9NrSMAaJgNrRcVhxoNXf6h+moCgIba2HpFcbjR4PN7K5YXADTcZtYbikOOfrhbraUEAIXoa/1bcdjR97vOWkQAUBi/hv0dxaFHVZdb8wkACrWd9YHi8Mve31XtugYARfOlDD5WHIJZO8eaVQCQxLaKgzBj/p4/yzkDSMdXtPxKcShm6ThrSgFAUnspDsYMHWZNIABIbARrH8UBWXL7W2MIAKCRrQMUB2VpfWLtrupFDwDw/0azDlYcmqX0trW9AAA/aEyrv+LwbHq+FtIWAgAM1jjWEYpDtKn5vgh9BAAYKuNZRysO06b1oLWmAABdMpF1rOJQbUq+nPMKAgAMk0mtExWHa6d3o7WEAADDxe+UPUVxyHZqV1gLCADQElNbpysO207rAmtOAQBaanrrLMWh2yn5C9TMAgC0xUzWuYrDt6c73ppKAIC28nXz/a2W+hDuqfyehQkFAOgWs1sXKQ7j7s7XL/K7lwEA3ci3T7xMcSh3R59Ze1gjCgDQI+axrlQc0O3MN7X3LS0BAD1sfutaxUHdjl61+goA0DEWsm5QHNit7BlrIwEAOk5v6xbFwd2KHrLWEgCgYy1u3aY4wIenu6wVBQDoeEurWomzPsiHpZusJQUAaIzlrHsUB3pX8quLFhQAoHH8bZv7FQf70HShqvsMAAANtYqqD3DrA35wnWHN4r8ZANBsa1iPKQ76H+oEq1f12wAAJVjbelJx4A/akaq2oQQAFGY961nFwe8daI098JcCAEqzofWCBg7+z609rZEG+TUAgEKtbn2p6gVg29r/AwAUzl8EPAAAAAAAAAAAAAAAAAAAAAAAAAAAAAAAAAAAAAAAAAAAAAAAAAAAAAAAAAAAAAAAAAAAAAAAAAAAAAAAAAAAAAAAAAAAAAAAAAAAAAAAAAAAAAAAAAAAAAAAAAAAAAAAAAAAAAAAAAAAAAAAAAAAAAAAAAAAAAAAAAAAAAAAAAAAAAAAAAAAAAAA0FX/BzVo5foicfGyAAAAAElFTkSuQmCC\" /></p></td><td><p>Untuk ditindaklanjuti</p></td></tr><tr><td><p>Kepada </p></td><td><p>: Departemen Keuangan</p></td><td></td><td><p>Untuk diperhatikan</p></td></tr><tr><td><p>Dari</p></td><td><p>: Departemen IT Development</p></td><td></td><td><p>Untuk dipelajari</p></td></tr><tr><td><p>Perihal</p></td><td><p>: Maintenance Sandra 2 Mei 2026</p></td><td></td><td><p>Pemberitahuan</p></td></tr><tr><td><p>Tanggal</p></td><td><p>: 26 Mei 2026</p></td><td></td><td></td></tr></table><p><strong>INTERNAL MEMO</strong></p><p><strong>Assalamu’alaikum Warrahmatullahi Wabarakatuh  </strong></p><p>Teriring do’a dan salam semoga Allah SWT tetap melimpahkan rahmat dan hidayah-Nya kepada kita sekalian dan semoga kita tetap menjadi orang-orang yang beruntung. Shalawat dan salam tetap tercurahkan kepada Nabi Muhammad SAW, keluarga, dan sahabatnya. </p><p>Dalam rangka ajuan pembayaran Maintenance Sandra 2, maka kami bermaksud untuk mengajukan pembayaran bulan Mei 2026.</p><p>Dengan ini kami memohon izin untuk ditindaklanjuti ajuan pembayaran dengan nilai Rp. 11.000.000,- (Sebelas Juta Rupiah) untuk pembayaran Maintenance Sandra 2. Untuk informasi lebih lanjut dapat menghubungi <strong>08996088213  Sdr. Hendra Gunawan.</strong></p><p>Demikian surat ini kami sampaikan. Atas perhatian dan kesediaan Bapak/Ibu, kami haturkan terima kasih.</p><p><strong>Wassalamu’alaikum Warrahmatullahi Wabarakatuh  </strong></p><p>Hormat kami,</p><p><img src=\"data:image/jpeg;base64,/9j/4AAQSkZJRgABAQEA3ADcAAD/2wBDAAIBAQEBAQIBAQECAgICAgQDAgICAgUEBAMEBgUGBgYFBgYGBwkIBgcJBwYGCAsICQoKCgoKBggLDAsKDAkKCgr/2wBDAQICAgICAgUDAwUKBwYHCgoKCgoKCgoKCgoKCgoKCgoKCgoKCgoKCgoKCgoKCgoKCgoKCgoKCgoKCgoKCgoKCgr/wAARCADGAT0DASIAAhEBAxEB/8QAHwAAAQUBAQEBAQEAAAAAAAAAAAECAwQFBgcICQoL/8QAtRAAAgEDAwIEAwUFBAQAAAF9AQIDAAQRBRIhMUEGE1FhByJxFDKBkaEII0KxwRVS0fAkM2JyggkKFhcYGRolJicoKSo0NTY3ODk6Q0RFRkdISUpTVFVWV1hZWmNkZWZnaGlqc3R1dnd4eXqDhIWGh4iJipKTlJWWl5iZmqKjpKWmp6ipqrKztLW2t7i5usLDxMXGx8jJytLT1NXW19jZ2uHi4+Tl5ufo6erx8vP09fb3+Pn6/8QAHwEAAwEBAQEBAQEBAQAAAAAAAAECAwQFBgcICQoL/8QAtREAAgECBAQDBAcFBAQAAQJ3AAECAxEEBSExBhJBUQdhcRMiMoEIFEKRobHBCSMzUvAVYnLRChYkNOEl8RcYGRomJygpKjU2Nzg5OkNERUZHSElKU1RVVldYWVpjZGVmZ2hpanN0dXZ3eHl6goOEhYaHiImKkpOUlZaXmJmaoqOkpaanqKmqsrO0tba3uLm6wsPExcbHyMnK0tPU1dbX2Nna4uPk5ebn6Onq8vP09fb3+Pn6/9oADAMBAAIRAxEAPwD9/KKKKACiiigAooooAKKKKACiiigAooooAKKKKACiiigAooooAKKKRmVRlmAHqTQAtFeZ/Fz9sT9mz4G2klx8SPi5o9g6Y22zXqGRznGFGcevUjoa+Sfir/wcW/sR+B3ubPwzc3OrTw7hCRKirMQxUBdpIOeCOfm/hz1oA/QKjIHU1+SHi/8A4L7/ALR3xRuDZ/sy/s+ajfSExxxC30eSXzWkHyN84+XLFEUZ5LckYOMm2H/BfT9rN4o4vhve+EtNuJDKZ9fuxZKygsFLRlujDDYxkDaPRSAfrd4l8feCPBsSy+K/FunacH+59su0jLfQE5NeTfFX/go7+xj8HLC8vvGfx20RfsP/AB8Q212sjqew4OBntkjOK+CLP/giF/wUV+KzR3Pxq/bU03RkmYCa10SGeUwpgEgEMgJ69zzzzXqvwz/4Nwv2S9OsIYfjz448QePHTaxivJBBCGAxjaCQwIAByOfbjAB1Hi//AIOBf2INDsJrrw/rE+qPGw8uOKQZdQRv+6GO5fmOMYIxzyQvlXjD/g5Q+FzRGD4ffBvU725a2DxQxlpt7N0w6ptUcjOQSRnGTxX1H8M/+COH/BN34UHd4Z/Zb8PSkRhFOoQGfaB6bvX39ABgcV7J4a/Zn/Z28Gwww+F/gX4RsRbuHgNv4dtlKMBgMDsyDjv/AI0Afma//Bdb9u3x8sA+Ev7Cmv3kZjNxJcRaexxEGYZO4MpGE/hJJ3g8DJGNq37UP/BwZ8Z9Udvh/wDsy634dtmto8y3ojiyW4DAqQqNyGKgcewBFfr7aadp9hEILGxhhQKAEiiCgAdBgVNgDoKAPyKi/ZY/4OKPiz4et7Txx8WdA0C4ZmmNwmoRiSLcwUowjf5iFAP3uQcZOMiHUP8Agjr/AMFhvHN1O2v/ALcOnaJavbr5VrZ3k0iCckZcoqBQQC+G+bOcYAJI/XuigD8jrz/g3g/bV8R2Rh8Tf8FPNZjeRVSUWFrOAUHY5cFufmwTgE98cx2X/BtX+0FdQH/hIv8Agpf4rmnDYW4itHDBRgIPv4wFVQeASOM8A1+utYHxM+KXw8+Dng68+IHxQ8Y6foejafE0l3qGpXKxRooGTyTyfbrQB+ZMf/Buj8cPJnjm/wCClXiz998r7tK3qUAwp2eYPmHUHPynBXGBX5jf8FFv2gv+Ckn/AARD/bO0r4bfCv8Absk8eWzp9qsbCezikKglCYJ4gzSLuZ8gbhux3yRX2T+39/wcifFj9pX4iXn7F/8AwSb+Gus69r17K9lL4ssYSfKYlArocbRGcsCxIx6ntvf8EuP+DYu7s/ioP2xv+Coniabxr40ub5dQi8OXm1oPNPzZuACQzAnBX7vHHByQD9Wf2Mfi94u+Pf7K3gL4w+P/AA/NpOueIfDFpe6vptxFse3uHjBdCv8ADhs8emOBXp1R2lpa2FrHY2NtHDDCgSKKJAqooGAABwAB2qSgAooooAKKKKACiiigAooooAKKKKACiiigAooooAKKKKACiiigAoorzz9q34++G/2Yv2fPFXxw8VXSxWugaTNcAlgMuFO0cgjryeDwDwaAOF/bu/4KKfs+/sDfDybxf8WPFNmt+0ZNjpLXSxvMx4XJPCgsQOcZzX5NeL/+Cmf/AAVW/wCCoXj7/hFP2Cfhx4hstImuSsuoQF7a0gRcMsheT5QNp5IYEF1ByxUV5H+wj+zd8b/+DiD9uTXfjp+0B4s1CH4OeEtVdpobe/kUasRMmIYjgDaQmT8uBlgD6f0LfCH4LfCz4CeCLP4dfCDwNp3h/RrGIJb2OnW4RQAOpPVj7kk0Afkt8Jf+DaT47/Gi/HjH9vr9r3VL97yQS32g6LcPIrNnPLsdq/xHgEHIyM5J+zf2ev8AghF/wTa/Z2jt5dE+CC67e28SomoeJbtrmXgg5yNo6juCcEjJr7EooAwfBHwv+HPw101NH+H/AIH0vRraNCiRadZJEApOdvygcZ7e1b1FFABRRRQAUUUUAFFFFABR061wf7RP7THwT/ZV+HV58Ufjn4/0/QNJtIJJPNvrlUaYohYogJG5sD8yPWvxN/aq/wCC/n7Wn/BTX4gS/skf8Eq/hprFpa380lvP4pIkieaL5ld1kjwIiFZTgyAHBwfumgD9Bf8Agqr/AMF3P2Vv+Cbej3fg6TW08S/EGW1P9neHNJHn+VOyny1mKHCE8HaSDtOeRmvzC+Hv7Mn/AAV9/wCDiXxPa/EX9orVZ/h18H7u5l820BaKMqFVFKWznc/y4YE/KSNw2hq+wP8Agml/wbWeBPh/dWH7Qf8AwUR19/iV8QJoYbiOz1RjNFZSbi5EhkaTcwJAwhA4/Afq3oOgaJ4W0a28O+G9Jt7GwsoVhtLO1iCRwxqMBVUcAAdqAPn39gX/AIJb/sk/8E8fAMPhj4J/DLS01aTbJqniSexRry7mAI3GQgsoAJAXOFHyjAAFfRtFFABRRRQAUUUUAFFFFABRRRQAUUUUAFFFFABRRRQAUUUUAFFFFABRRRQAV+SP/B2r+0dr3w4/ZF0f4L6HqhsY/Fdyft9zGcyFNwRFVcg9d2T24wQeR+t1fgl/wd863q3iH4xfCj4W20sscFy8MspcMYyPMcfwkgcup5UH5OM4zQB+iP8Awb5fss6H+y3/AMEyPAWk2WmwQah4hsF1XV5I7cRtJM6gZbvnIJ5J5Y19uV5r+xzpVton7K/gDTLS7E6ReFrTMoUjcxjBbggH7xPUZ9a9KoAKKKKACiiigAooooAKKKzfGHjHwx4A8N3njDxlrdvp2mWEJlvLy6kCpEo7kn34HqTigDSJAGSa+A/+Csf/AAX2/Zf/AOCcXhu78J6Pq8Hif4hSxsun+H7RshH5AZz3AYAH0z+FfG//AAU5/wCDjLxT8dvHd5+xV/wTA0SbxFrF6sltL4m09pMiYEphDG4O3JGDgjcPm+UZrsf+CVn/AAbhQtr6/tVf8FMoovFfjK8dbqz0i6iYmJmCtmVmkLEqQ4wVU4btjkA+Qfgl+x3/AMFTP+DiX42L8Z/2r9Y1bwv8J4L6Iw6TK7xQG235Kxg43NtOD0JIHyjGa/dr9hX/AIJx/ssf8E8/hvF8PP2ePh7aWJMai/1eW1i+13j4wzu6op5OTj/CvZ/DHhXw14K0SDw34R0Gz0ywtl2wWdjbrFGg9lUAfjWhQAUUUUAFFFFABRRRQAUUUUAFFFFABRRRQAUUVDqGoWWlWUuo6jcpDBBGXllkOAqgZJP4CgCaivye/wCCs3/B0L+zd+xyup/B79nCT/hMfHkavCZ7eIPaWD7Mq7sWAPJAGN3rtIHP5FX3/B0h/wAFYj40j8bWXjqzt9JF+s39kyWcrwyLuY+UX3jgjcPlA6ZHIzQB/WtRXwD/AMEKf+C2HhD/AIKvfCi70jxDoh0b4geGII116we4RhdDaoNwgUL8pYngL2PTFff1ABRRR060AFFZfivxr4S8C6RLr3jHxHZ6bZwRl5bi7nCKqjGTz16j8xXxn+01/wAF8/2GvgGLjSfD3i6XxRqsM/kiDS4t8W/qwJB3DAB6qM+tAH3BVTWde0Xw7YvqWvatbWVvGMvPdTLGi/UsQK/Cv4tf8HAv7f8A+0T4jvPDf7Kfwp1GGBy8OnSaDoM8jlyP3cm5xkgkEspPTOB6eb3f7C//AAca/tvXR1Lxp401rw9a6g7KX192giSFyMnYMbflyNoU/MASwHNAH7j+Ov2+/wBjf4bLIfGP7RPhi0MT7JF/tFXIbJAXC5yxI+715HqM/wA5/wDwcz/8FGfgB+1L+2f4Os/gT4ph1qw8ITwSarqcILwOUk4TqQRjJKlc/KD/ABCvoHwj/wAGa37RvjORtR+Pf7ckclzdxgTvp9vK7R/wlWWQsJPl6AMAe5GePzf/AOCwf/BGX4z/APBJH4gaPo3jTxZaeJPD3iGMnSddtI/LJkAJMboTkH5WwR/dPTjIB/XJ+xv4x0fx9+yv4A8WaD5H2W78K2TRrbSh41/dKMKQSMdxz0Ir0uvwv/4M8P24PjP8SvBviP8AZa+Id7PqGg+HIR/wjd06n9wFUMY2J+9hTtHoFQY71+6FABRRRQAUUUUAFFFeM/tzftzfAv8AYC+BOqfHL44+JYbS2tLeT+z7DzVE1/cBGZYY1JGSSMcdBz2oA6r9oz9pP4P/ALKvwyvviz8avF1vpGk2UMj75nAaZlRn8tASAWIU9SB0yRX8+X7W/wC23+1l/wAHGv7Sq/so/sq+HbzTvhfY3bxPqgdovNRvmEkke/kFE3YLY6biABnLv739tv8A4Oh/2mPIsUn8L/CnQ9VtoJGVykKW2WZ1Ybv9YUXf0bkL0J4/eT9gn/gnZ+zp/wAE9PhFZ/C/4JeELOCWKJRf6wLUJPduBjcx5PT1JJ6kkmgDyj/gln/wRX/Zp/4Js+C7SfR9Gh13xgF3T+I7+HdLCzDBWMknAxx/kY+0KKKACiiigAooooAKKKKACiiigAooooAKKKKACiiigAr4y/4Lx+D/ANp3x7/wTu8ZeFv2WLmeHXLizPny20qI6xgrwGYgrkbhkdCQe1fZtBAPWgD+YD/ggp/wb3fHD4//ALUtn8Z/26fgnqWl/D3w40l3PpviC241y5+ZVjJ3fMocEnHOVzkYAb9y/wDgoH/wTk/ZH+Kf7E/if4aP8FfDmmWWjeHbh9INlpkcRtikRKqrKM7SyrkHrjGR94fWgAHSvD/+Cknj6L4ZfsNfEzxnLKkYtPC9wfMkj3BcjBOPUAkj3H4UAfza/wDBqb428XfCr/gsBY/DW2uCsOraRqFhq0Knh2hOBx3wS/v+tf1dV/Lf/wAGhvwy1H4nf8FQtb+J8Eswg8OeGri7uZCuW/fyEKHwu3BK4PTBKlcECv6j5HWNDI7YVRkk9hQBwP7Rf7TPwg/ZZ+Hd98TPi/4pgsLCxi3mHzoxNN14RXZc8Bj1AwpPavx//aq/4OxdUu/FN18Kf2Rvgw9/eTSSQx6lMjvPAQwTIQAq2Ceo56HFfD//AAV8+Ofxo/4Kof8ABYy0/Yn8C+J9SttFk8RxaPZ2a3jBNroJZHKkkDbFuPPckYwBX72fsA/8EZ/2J/2APA+n6P8ADr4WWN/rUKiW71rVUFzIbg4LNGXGQMjAJy2AMmgD8nfhv+xf/wAFoP8Agrlq03iv4+S6v4S0BRFJaahrl+1t5hURpmNADuOCGG7GQGOWwC32x+yr/wAGwH7Jfwl1CPxb8c/F+r+MtVYebPb+aI7czHhskqTImAoAIzxySDiv08VVRQijAAwAO1LQBxfwr/Z1+B3wS0pNH+Fnwu0XRYU282diiuxUYBLYzkY/Cu0oooAK/E//AIPPfhbqPiP9l/wR8RrfSDPHoutANNEhLRZ3KSePuYkOfcjPA5/bCvkP/guD+yja/tc/8E9vGngMQwm7s7Jru1eZgOVwdozjqyp3B44NAHgX/Bq78EfgZ4S/4Ju6D8Ufh1p8cmsa1PINZvWX5/OUnd3/ANojOB0I7V+nNfhJ/wAGcf7XaWvhTxz+xd458Qqmo6Zq7T6PZXc6LIqAHKgM2Sd3mgKucBD2GR+7dABRRRQAUUVxP7Qvx/8Ahv8Asy/CfVvjH8VNbSx0jSYC8sj5+dsfKg+vr2oA5j9tT9tP4KfsK/BLU/jV8afEUNtb2lrM9jp/m4nv5UQv5ca8k9BkgHaDk1/PnN8N/wBs/wD4OWP294dZ8ZS3vh/4U6Xfl44ZX8uKK0XPltHsBDFlK84JAJJzuzWt46uv2uv+Dkj9uWbQdLN9pfwy0G7jRrGLzEhit8kFmkDIvzx4dlIJXdtBLHj9/f2O/wBj34PfsVfBrTPg/wDCPw9bW0Fnbqt3eR26o91J1LHHQZJwo4FAB+x7+xt8Ef2IfhBY/Br4H+G1sdNs0CtKwHmTY4BYgAZwAOAOg9AB6tRRQAUUUUAFFFFABRRRQAUUUUAFFFFABRRRQAUUUUAFFFFABRRRQAV+ZP8AwdQ/tU6J8Cf+Cb+ufDo6z5Wq+M0+xWdrHIyvKrkRkjBGVAZyRz90cd6/TO4uIrWB7md9qRqWdsdAOSa/lT/4OSP219b/AOCjP/BRHSv2cvgXLc6tpfhqWPTNMtLTLreX0p4fCjnajdcHbvfnrQB9t/8ABlB+zpe6H8Iviv8AtOapA8Q13VbbRtMO5Cs0MILu2MbhiQsvPHXHev3RuIzNbvCrlSyEBl6jjqK+e/8AglZ+x/pn7DX7CvgD9n21tRHeabokMurHYqs11IgaTftJUuCcMRwWBPevoegD+Tf9oSe+/wCCf3/Bxda/FDxvb3Ftp0HxBS+haYAs8MqNAd27oC5ye+1s8Hgf1d+HPEGk+K9AsvE2g3sdzZahapcWtxE4ZZI3UMrAgkHIIr8Rv+Dub/gmpqfxK8Baf+2p8NNL86/8PxONcROXaAAFz0JJwFYAH+AjA4z9Cf8ABsL/AMFStL/bU/Y7svgJ8QNStIfHHw6t0094zLGj6jaqp2SpEoG3aoGeMHnH3WoA/UKiiigAooooAKr6rptnrGmXGk6hCJILqB4pkI4ZWBBH5GrFFAH8vf8AwUx+Df7RP/BBL/gqhD+158GD5nhLxHqhvoBGhEciOzboZRjaSCHKkdwQevP9DX7A/wC218LP29f2c9B+O/wy1eCZdQsYn1C0jmVmtZivKsFJxzn8iOoIrG/4KT/8E+fhR/wUX/Zr1j4H/ETS4TdTW7to+oMSptp8cHIBOPfGQQD6g/zmfscftQ/tT/8ABur+39efA34q2lxN4Iv9Xa3vo7wSCF4WbZ568oMj5S49UBGO4B/VtRXL/Bf4u+D/AI7/AAy0j4r+A73z9L1m0We2YkEgHscE4NdRQBm+L/F/hvwF4ZvfGPi/V4rDTdOgaa8u5j8saDvxyT0AA5JIAyTX4Zf8FBPjz+0R/wAFm/2r7b9lr9mux1Gw8D2N0I5pGuJITcHjDy9YtuCGIzjDg5xnd+uf7cv7OXiL9pj4VjwFouoOI3nBnsxOsQYdN4YjqM4x6E4waz/2F/2BPhP+xZ4Nkg8NaTbzeINUPm6vqptkV9xAzGpUfdHTPfGcDJoAl/4J+fsHfCz9gX4H2nwt+H9lE97Kiya3qgh2PeTDOCRuboDjOST3J4x7vRRQAUUUUAFFFFABRRRQAUUUUAFFFFABRRRQAUUUUAFFFFABRRRQAUUUEhRkngUAfGf/AAXV/b10P9gn9gnxV44kvguta1YTaboVt826aaRRGB8vIG6RMn0z2zX4s/8ABqZ+wbdftmftqeIf23PjbaS6np3ga4+1Ws19bs63OrSMGVg7KRlOCAD03DoMVB/wdNft2Xf7Y37ZGh/safBp59Qj8NakLKS1tic3N/LIscUGMDJ3fNj1YfWv3P8A+CMH7ENr+wJ/wT48C/Ay405rfWDYDUPEIkQBzezfPJnn1JOO248CgD6pRQihR2GKWiigDlfjV8IvCXx1+GGs/CvxtYpPp+s2L28weJX2EjhwG4yDg++MHgmv5Yv2rvgb+1P/AMG7H/BSiz+Pnwb06WHwy2oGXTXRCbWa3YlZLV8qFIxkqduAHA+v9Y9eC/8ABRL9gT4Pf8FDv2etT+CnxU8P21xLJEzaRfzAhrOYgjcGXkcEjjB9x1oAof8ABNL/AIKL/BP/AIKQ/s46P8ZPhf4mspdSayjHiLR4Zf3tjc4w4KHDBdwODjg5XOQa9s+JXxJ8E/CLwTqPxE+Iev2+maRpds015d3DhVVQM4HqT2Ffyjzzftwf8GzX7e6atpH2288KXWpMZNPlkEcGuWqhgI5CVYI+1iQR95eQejDsv23v+Cyf7c3/AAXw8X+H/wBj/wDZw+GWpaFa6uix6j4Y0OV5Be8sHZ2Vs+UQ6hlclSVHIyQQD728R/8AB3/8H7r9sbS/g38Ofhbcan4Lu/EEWkv4hSRCrl5VjWZSxUlNzckcALkbgc1+qn7VX7U3h79m39lDX/2oLqON7DSdB/tKMXJATYU3gthhxt9D9M1/Jt/wU8/4Ix/tDf8ABJix8HeP/iH4lgv49anja3ktICr2s6KGy20sF/eK4HJ42HOWwP3B/a0/bl+H3xv/AODbO/8AjDNbW1v/AGr8O4tN/sq5GJdywbIyIwuQGCoQQFXDA5UdAD0D/ghn/wAF3Iv+Cs/izxx4G1zwAdC1HwtHDcWypHxNbyvKEYkMQDiM5HbAHPU/pDX8Y/8AwRR/4KmTf8Eof2q7j426j4Ll8QaJq2jPp+r6ZbOqStzmNwzdACWzjnkHnG1v07/aP/4POb/xTYReHP2Pv2YtTGrT/dn1iRHIIydqoiuW+6M/KMqzYKkDAB+8fjz4i+Bvhh4cufFvxB8U2ekadaRGSe6vZgiqo647k+wya/mc/wCDq3/gpj+zL+2p8QPCHwq/Z7WPVn8MSST6p4kU5V8hkESenOScHooP8XHdfBn9nz/gtL/wWY1tfH/xr1TVdC8N3DwTW9nd3FzDbQxPIR5fl4Hl4P70hmzweOML+rX7Hn/BAL9hT9m7RLHU/G3w3svGPieKOM3Gq6rbqVDI4dAoAzhMADJwcEkZYkgHyB/wZ1fEv9pLWf2d/E/w5+JVpqH/AAiGl3Il8NS31sVGxggXY55I+VwF6bQCO5P7UVz/AMOvhT8N/hHozeHvhn4J03Q7JpC72+nWqxqzepx1Pua6CgAooooAKKKKACiiigCDU70adp81+YnfyYmfZGhZmwM4AHJr5d+I/wDwU+0HwDrEmjL8H9avXgmKSyWwZlbHBRSUALgkZGcc4yc5r6oZQylWGQRgism9+H/gTUiTqHgzSpixYsZdPjbduOWzlec9/XvQB+bvxX/4OEfGHgewa98P/saa7e+WxaT55XXysZ3g7EGBzzz0+uPnXxn/AMHWH7VOn38svh3/AIJ63S2ccW5lvkug+0A5KlQSW7hSuCBjI6n9px8M/hysLW6+A9GCOFDINMiwduccbe2Tj0zVSX4KfB64tvsd18LPD00XmeZ5c2jQON/97BXr7+9AH4Vr/wAHgP7UFtZPZ6j+wLqUNypLec2m3DHYNoJxuQLgnnrzx3GJh/weV/FTQ7eEeL/2FNQiBdQbrMkIl+XnCtkDkMQoYnjG7rX7cz/svfs53dq9lefBDwtPDJgvFPocDqSAQGwykBgCQG6jJ55rN1D9i39k7VLGXTr39nvwo0U0zSyY0eJWLscsdwAYZPJ55oA/H7wX/wAHr3wQupSvjr9l3xDbKMqDaGLueHz5zdBkFcDPB3DkD6W+AX/B17/wS4+Ld8uk+MvHN94TuWcLv1SzkSD7pO7zJFQAfKR6/MvBycfUHj//AII4/wDBM34llT4s/Y58FT4MhYJo8aeYXChmcgZZvlX5ic8da+Y/2k/+DVr/AIJWfFyOTVdA8ITeAY4I3bfoUohihyoyzYK7gMZw5IGTjHNAH258Df26f2R/2j9Dg8QfBz4/eGdaguAPJFvqse5sttGATzk8cZr1hHSRBJGwZWGQQeCK/j//AOCq/wCwJ8If+CR/xW0nUf2Vf26v+El8TSag3lWmiZhuNPiVSXLyRuwwGKLhj83OemK/Wn/g1P8A+Cq/7W/7a2h+LfgL+0ZG+u2Hg22tW0nxhJCRLK8glLQSNkKSqxAnaCf3i8KOSAfsxRRRQAUUUUAFFFFABXy7/wAFdv2+/AP/AAT2/Yz8UfF/xRqijU3sJLfQ9Ohu0juLmdgQoTJB5YhcjoWB7V9RE4GTX82P/B3b+2TJ+0N+094H/Ys+E+qHUo9DkEt1aWbBvPvp3EUKAqfmyc4Hrg+wAOK/4Nhv2FPEX7fn7fmsftufHnSU1fQPCF/LfTyXtqZI7jWJGWSNRu+XaqscDnAPAG0Gv6gwABgDAHQV8mf8EVv2BtN/4J4fsD+Dvgzc6PBb+I7uwj1HxbPFGVaa+kXc27IDcZ+63KkkdBX1nQAUUUUAFB4FFcD+1H8YYfgJ8APFXxYkUNJo+jzTWyN/FLsO3tzg8474xQB/PF/wd4fti+E/2iP2mfB/7KXwt0u31S+8JySve3Vlbq88lxJiNYQQCzZIbv8Aw+5r5o/4IQftDX3/AAS+/wCCoPhLWf2mfh9qOi2XiiwOmONQtFSWAXJ2RTfORhck9Oclexr6B/4N0PhCv/BS3/gsj43/AGp/i1bpqWm+D7O41n7PqEPmBnmmMNtGuRhSBluo+UMOQa+1P+DsT/gl/oXxe/Z5t/2v/hZ4VgTxJ4UMcN5BYWYD3FsAxYYTrhAW6Zyg5x0APq//AIOAP2KtN/4KC/8ABNLxBY+E4BqGq+H7Q+IfDMtqokaRo4i42Ef3gFGR1UkEgEmv5Qov2n/2i0+Bc/7HE3iC5uPC0uqBo/D01pvkhuRKrbIxjcGMijjBOcgYzX9Lf/Brv/wUiT9t79iM/s6/FDV57/xX8PLRdNvXusl7uxK7UkaTguxBySTuySOwr2mf/g3a/wCCYtx+0mP2n5vgpGdcN4l3La/aJPsz3CPvSUR79iOCFyygFsc5ycgHxv8A8EfP+DaD9kLxb+w7oPxB/a8+HEmp+NfE8QvLyK+hGdPzkeUu4Zxgj7u3p1J5r9AP2eP+CJX/AATX/ZluotS+HH7NujG8hlSSK7voFd1ZSSp+VVzjJHzZyODkV9U6dp1jpFhDpemWqQ29vGI4YYxhUUDAAqagCtpWjaRoVoLDRNLtrOAHIhtYFjXOAM4UAdAB+FWaKKACiiigAooooAKKKKACiiigAoori/i/+0X8CPgDpL618avi94d8L26QGbfrmrw2xZB1YCRgSPegDtKCQOpr8s/2rP8Ag7W/4JnfBDTr/Tvg7q+r/EXW4VZLOLRbIrayyYbDec2AVyB3BO4Dj5ivw38Rf+Dkn/gs1+2frR8O/sH/ALLb+HtFuoEW11N/DrTz3AKsRIJZD5aMwyQEZvujHGcgH9D3ijxl4R8EaadZ8ZeKNP0m0U4N1qV4kEefTc5AzXxX+2J/wcT/APBLv9jtLrTdd+PVn4s1u3dkGi+DiL52kUBihkjyinB6k4zgEjOa/LTQ/wDgiN/wXp/4KSag2v8A7bX7UOp+HtJ1ICaXT7vUmELK/QeVFhR1ycqxxnrX1p+yH/wZ9fsRfBm6t9c/aF8a6p8Qr6CVJlgkiWC2LDPysnIdBnoRyQCTj5QAfOPxl/4PAv2nPjn4rHgj9gL9jCVftJ8uyuNfc3V1JLuOB5cOU5woA3ZO4j0rzfw5+yX/AMHNX/BWTWG1D40fGjxN4C8P3TrJ9ku76bTLZInbJCRW/XCEMFkkGRt5ya/ff4A/sH/sh/sw6TFo/wAEPgB4Z0JImRlltNKjEhZcbG3Y6rgYPbaPSvXAMUAfiz+yj/wZufsx+F508XftgfGnxF421WSTzLiwsZxBbMxIY7mwXc53KSSQck9cY/VH9k/9iv8AZt/Yn+H0Xw2/Zx+F+meG9NQsZV0+3EZnLMDucj7zcAZPPHJ5OfVaKACiiigAooooAKKKKAPKP24P2h9J/ZV/ZY8ZfHXWL9LWPQdHlminlkVEWTadpZmBAXPXP0BBIr+af/ghV8CPF3/BWj/gtNe/tL/FPR/7Q0Tw5qsvizW/tu0xRlZQtnbEEEMQNoAHQxhifX9F/wDg8Q/a4m+HP7JOh/s5eGNfe1v/ABTqiPe/ZrrDPb7ZBJC6jsyZzns49Rn07/g1A/Yesf2af+Cd1l8cde8Ni38SfFCX+05byVSHew/5dwAwyAVx0O04BHU0AfqV0oooyPWgAopEdJFDxuGB6EHIpaACvMv2y/hhJ8Zf2XfG3w2gt3mk1PQZo44Y1BMhA3bOSOuMdc816bSModSrDOfWgD+Yr/g2G/ag+H3/AAT3/wCCnXxD/Zl+PDHQE8aRnQ9JvtXX7OILqC6JhV/MYbRIrA554Gc9K/pA/aC8DeG/i58CPFPgnWkS5sdV0C5TMbg5zGxVlP1A5r8Z/wDg4I/4N1vir8efiBcfth/sWWds+sxRtPq2hwzGKacqwZWRjjaUG4gg9BjA61+Ydh+2j/wXx+Cnw3vP2WLbxV8XLfSjbNbPappM9zLFFk7gtyiMSMHruOABgjFAHun/AAb1+PtS/Zd/4L1at8DfCeuWz6Lr2raro1yEXdC6xyO0S5BO1lBdFOfvEA5ziv6lq/nX/wCDYv8A4I1/tP2v7VsP7e/7VPgDVNBsNLSS40KPXS8d1f3Mvz/aip5ZS3Q5OSsu7BChv6KKACiiigAooooAKKKKACiior6/sdMtJNQ1K8it4IULzTzyBERR1JJ4A9zQBLRXx7+29/wXR/4J1fsKW01h8Sfjjp2q6+ts00Hh3QLlLm4kA3gE7ScAshXI3c9q/Kb4+f8AB03/AMFAv2vPGU/wz/4Jr/swHTdLvybaDW9SsZ7u5K5IaVWiKCL5Vb5gdy9gGAoA/fr4k/Fn4Z/B/wAOTeLvih450vQtNt0LS3mp3ixIoAJ6sfQH8q/Ob9r3/g62/wCCan7Ol1c+FPhXf698UPEKqy21t4UsVNsZOQA0sjLjoDgDJBr8/vh9/wAEEP8Agsj/AMFPtSt/jF+3x+0bqOn2GrKjyaZqeoupEWUYHyEAQqVJUYG7IzuwFLfpR+xj/wAG0f8AwTy/ZXs7fUfEfgK38XayIx595qUJIDbQNq7mZtvUnkEk9hxQB+bHjL/gtH/wcBf8FMPEU3g39ir4Kap8OdIkYvBf2WgtHKyFw0YFxcIVZjGRlVDDBJ4xuO/8Of8Ag1k/b4/a61+bxj+3T+2BrcMepxi4voZZWeUXRbc58ttyYyTjCLzz0wT/AEAeB/hv4C+Gmlf2J4B8I6fpFrxmGwtEiDEDAJ2gZ4FbdAH57fsf/wDBtH/wTT/ZRmg1q5+Gw8XaxbymWLUtb3Fo2KqDs+ZmUDBIAb+I5zX3H4E+DHwm+GFnFYfD34daNo8ULEwrYafHGUznOCBkDk8e5rpqKACiiigAooooAKKKKACiiigAooooAKCcDNFFAH8xf/B478T7fxh+3d4Q+GWkO0h0nw888qo2Q0krJEB9QYW47bvc1/Qx+wR4Ts/A37F/wy8LWGRFaeDbIKrR7Su6IMV98FiMjg4yOtfzpf8ABz3odpef8FnfCSWF+sl1fvpsMii4CmL/AExQo7bOWJyfc5OK/pw+HWjJ4d+H+h6DG4ZbLSLaAFRgYSJV49uKAIfil8RNC+Evw71n4k+JWIsdF0+W7uADgsqLnGTwMnA/Gv5Y/wDgqR/wct/trftOfGLVPDn7Pnje58CeDNKvpoNMjsoYzdzqrkb3Zk+XuOACQATyAB/VX4s8M6X4z8M3/hTWoy9pqNpJb3CqxBKOpB5H1r+ST/g4W/4JKaN/wTW/aGh8SfDnUmk8KeMbyaW2s7i5DSWk7ZkKoMKxjYbiOCFPy7j0UA/bX/g1j/am/aF/at/YI1Lxn8f/ABNe61dWPiWW1s9VvnDNcYLbyMcAcKCvGGBIGGFfptX53/8ABrZ4W8O+Gf8Agjj8Pp/Dq/Jqd/f3t25Cgm4aXbJ0HADKRySTjPGQo/RAEHoaACiiigBGUMNrCsm/8AeBNUvDqGp+C9JuLgnPnz6dE75znOSpPXn61r0UAR2tpaWFutpY2scMSDCRxIFVR6ADpUlFFABRRRQAUUE4GTXkP7Wn7dv7Kv7EHgK4+Iv7SXxe0zQLK3wPIkmD3ErHGFSIHcSc98UAevVyfxi+O3wd/Z98GXnxC+NPxG0rw3o9hCZbm91S6CBVHUhfvP8ARQTX4Y/tTf8AB2b+0d+0Pr2ofCT/AIJZ/svalcTTP9ntPE2s6ebiZc8b1hjO1c87S7KQSvBxg+X/AAa/4I0/8FfP+CuXjqD4tft+fE/WtP8ADl3drJcWN7cPaRzxZBH7vCkEB2H3C2F+9k5oA+xP23P+Dvb9lb4S6zcfD/8AY1+G9/8AFTW1lMNvqETNFYySZG0IVBZw3OCuTxyvUV8L+J/iv/wcQ/8ABa/xM/h+2vdb8EeA9ULJ9g0+3NpZi1mcJjfDHvlwCF3MV46tzk/sn+xz/wAEBv8Agnt+x9ZW82g/C+213U4pA73+qWyEMQeBtO49OuWOcnscD7N8O+GPDvhHTI9F8L6Ha6faQrtitrOBY0UegAGO5/OgD8Uv2Lv+DOv4QeB/EmmePf2v/ire+K7qKYzX+kWk4WBnGGHO3L/NnJYkH+76/q/+zt+wz+y/+y14dj8N/B/4S6Rp8UcYQSmyRnIxjqR1OOT1OBkmvXKKAEVVVQqqAAOAB0paKKACiiigAooooAKKKKACiiigAooooAKKKKACiiigAooooA/lx/4OmrzSfh5/wWc8OeNNTtLhLG1stJ1G5mitx88cdwHkCDgMwKuT0zuHPOa/pv8AhV4isvF3ww8OeK9NZjb6noNndQF1AJSSFHGQCcHB9a/CL/g8y/Yu8TX0Pgr9s3w/p0l5a2TyaXrEsaf8esLBCm4DJI3j73QByO3P3f8A8G0f7fWj/trf8E3vDnh7Vtbhk8XfDwf2Fr1lubzFjjA8iUlidwZCOQeBgHnkgH6G1+X3/BzZ/wAEsPif/wAFBP2abDxj8DNKa/8AFPgyb7Va6XbhBJf8MvlEsRkYdgOTtYg4ALGv1BowD1FAH8jv7Gug/wDBw1+x34f1T9nv9mjw38Q/CWh6reNJqWnm2SS3tpcbXdG+dojyMiPkkg4Oef13/wCCaf7DH/BYnW/FWmfED9tb9pfWXtcRy38N1eyMZVYB0SJS2AAAAW25OSpXHNfrOLW2WTzlgQOQAWC84HT+Z/OpAABgDA9qAGWsJtraO3Mhfy4wu9urYGMmn0UUAFFFFABRQTgZNeDfthf8FMP2LP2F/C1x4j/aG+OuiaVNCjGPR475JL2ZhxtWFTuzkgcjvnoCQAe814b+2F/wUe/Y4/YU8PSa7+0h8atJ0SVYi8Wlm6RruXgEAR7hgnIxuIzkYzmvxQ/a0/4Of/27/wBtHxDefB//AIJgfAHVtG065n8mw8Uw2ss16+WdQ5O0LHlRuAG0gg53hebH7H//AAbMftVftoeJrb9of/gpT8Ydaur/AFG6869ttWkaZzG0bH5AXHGSv8KjPbAJIBq/tM/8HPP7Z/7c2uj4J/8ABKr9nDVdMNxc/Zv+EoulkmkkcgY2MoQRnLLhWwTnkEHFcn+yD/wbQfty/t5ePl/aR/4KgfFzUXttQvnkudK1LVJ2vZVaQs7oc/ulPzfIAvLfiP2v/Y3/AOCZf7Iv7D/hS38OfBf4U6XbSwoN189knmF8DcwwMAsRk8ZJ719A0AfOP7Hv/BKT9h39iHQV0j4J/A3RoJv+Wl/eWUc0rNx82WBw3Ayw5PrX0ZDDDbxLBbwrGiKFREUAKB0AA6CnUUAFFFFABRRRQAUUUUAFFFFABRRRQAUUUUAFFFFABRRRQAUUUUAFFFFABRRRQB5H+3J+yj4H/bT/AGYfFv7PfjvT0mt9f0ee3gkZNxilaNgrLyMHnGc8Zr+XX/gnl+1l8Zf+Dej/AIKiax4O+MWjagfDFxN/ZPi/TwBi901pQ0GoRcHcVA3Ar6uOSu0/1zEAjBFfm7/wXk/4IU+EP+CnvgCDx38MPI0T4k6FETp+pmMFLtN+TDIoG5gQzdGGCqnkjBAP0D+F/wAUPAHxm8BaV8Tvhh4ssdb0LWbOO607UtPuFlimjdQwIKkjODyOoPBrfr+RH4Q/tWf8Fpv+CAPjy7+Hr2ut6f4ctLg/a/D+u20l9oMv7x03RsDtgctvwMo2SCUORn9Jv2Ov+D0n4IeLFt/D/wC2x+z5qPha8fiTXfB7G8sxzxmGRvMGRgkg4BPTHNAH7kUV8C+EP+Dmv/gjf4uNtGv7U0OnSToWddW0uaAQjBPzsw28kYwCTkjgDmtTXv8Ag5F/4I2eHrKW9u/2ytFmEblAllaT3DuQM8LEjHHbOMe9AH3NRX5K/GH/AIPGv+CYfgnTLiT4V+HfHXjS8hyIoYdDNjHMc4G1rgg7e5LBT7Gvif41f8HYP/BSH9rnUX+HH7A/7MCaEbm6ihh1S3spdQvEdmwm7b+6gBJHLMRxyduQQD+i7xZ418H+BNIm1/xr4osNJsreMyT3WoXaQxog6sSxAAr84P24v+Dpz/gnP+ymJtA+GnidviXryAq1p4YuFeCJiOMyjKHHBILLweCTkD8s/Df/AASJ/wCDgH/gqR4va9/bH+KfizS9IuQks9z4m1N5LaSJ/mCxxW58lhgLgAnbuU461+iH7CH/AAaafsc/s/zReLP2gZZ/GmsI0ckUd3MGjhZT0XCgKeM7hycjG3byAfCPxW/4Lnf8FsP+CsepS+Af2L/hFceAPDt1L9mW78OQs8siM5Vt1xMMMWXapVQduHwctkew/sb/APBpf8Wfiz4jtPix/wAFHvi9qd/eTATX2lS6k08j7pCTHuDEr8h5+YBScAccfud8IvgN8H/gP4cj8KfCL4faboVhHGqCGxgAyFGFyx5OBxya66gDw/8AZN/4J3fsnfsXeF7fwv8AAz4U6dpyWybYp2hDyL9GbLe/JJzzmvcKKKACiiigAooooAKKKKACiiigAooooAKKKKACiiigAooooAKKKKACiiigAooooAKKKKACiiigAooooA5T4sfA34QfHTw/L4V+L/w40jxDYTJteDU7JZOM5wGI3Lz6EfrXwd+0n/wa3/8ABKH4/as/iLSvhJceDr+WQtI3hm9kggb73HkoyqPvDn/ZGc0UUAfPXjD/AIMvP2KdWu8+Fvj34x0qNo2Pljy5SGycAF84GCOoJ496w9D/AODK79l3Tb+ebWv2lfF17bkEWkMphB6n75SFO2Dx6kY4ySigD6E+BX/BqN/wS5+F8EV34u8DX/iS8WNN/wDaF6ZYmYMW3FZQ/qRhdo2gBt2M19r/AAA/YB/Y8/ZhgWL4J/ADw5osihALiDTY/MyqhQ27H3sDG7qe5oooA9hREjUIigADAAHQUtFFABRRRQAUUUUAFFFFABRRRQAUUUUAFFFFABRRRQAUUUUAFFFFABRRRQAUUUUAFFFFABRRRQB//9k=\" /> </p><p><strong>Jenar S useno<br />Plt SO IT Development</strong></p>');
/*!40000 ALTER TABLE `articletranslation` ENABLE KEYS */;
UNLOCK TABLES;

--
-- Table structure for table `exam`
--

DROP TABLE IF EXISTS `exam`;
/*!40101 SET @saved_cs_client     = @@character_set_client */;
/*!50503 SET character_set_client = utf8mb4 */;
CREATE TABLE `exam` (
  `id` int NOT NULL AUTO_INCREMENT,
  `name` varchar(191) COLLATE utf8mb4_unicode_ci NOT NULL,
  `createdAt` datetime(3) NOT NULL DEFAULT CURRENT_TIMESTAMP(3),
  `updatedAt` datetime(3) NOT NULL,
  PRIMARY KEY (`id`)
) ENGINE=InnoDB AUTO_INCREMENT=2 DEFAULT CHARSET=utf8mb4 COLLATE=utf8mb4_unicode_ci;
/*!40101 SET character_set_client = @saved_cs_client */;

--
-- Dumping data for table `exam`
--

LOCK TABLES `exam` WRITE;
/*!40000 ALTER TABLE `exam` DISABLE KEYS */;
INSERT INTO `exam` VALUES (1,'Ujian Tahap 1','2026-06-13 07:36:59.106','2026-06-13 07:37:32.932');
/*!40000 ALTER TABLE `exam` ENABLE KEYS */;
UNLOCK TABLES;

--
-- Table structure for table `examanswer`
--

DROP TABLE IF EXISTS `examanswer`;
/*!40101 SET @saved_cs_client     = @@character_set_client */;
/*!50503 SET character_set_client = utf8mb4 */;
CREATE TABLE `examanswer` (
  `id` int NOT NULL AUTO_INCREMENT,
  `assignmentId` int NOT NULL,
  `questionId` int NOT NULL,
  `selectedOptionIndex` int DEFAULT NULL,
  `isCorrect` tinyint(1) DEFAULT NULL,
  `createdAt` datetime(3) NOT NULL DEFAULT CURRENT_TIMESTAMP(3),
  PRIMARY KEY (`id`),
  KEY `ExamAnswer_assignmentId_fkey` (`assignmentId`),
  KEY `ExamAnswer_questionId_fkey` (`questionId`),
  CONSTRAINT `ExamAnswer_assignmentId_fkey` FOREIGN KEY (`assignmentId`) REFERENCES `examassignment` (`id`) ON DELETE CASCADE ON UPDATE CASCADE,
  CONSTRAINT `ExamAnswer_questionId_fkey` FOREIGN KEY (`questionId`) REFERENCES `question` (`id`) ON DELETE CASCADE ON UPDATE CASCADE
) ENGINE=InnoDB AUTO_INCREMENT=4 DEFAULT CHARSET=utf8mb4 COLLATE=utf8mb4_unicode_ci;
/*!40101 SET character_set_client = @saved_cs_client */;

--
-- Dumping data for table `examanswer`
--

LOCK TABLES `examanswer` WRITE;
/*!40000 ALTER TABLE `examanswer` DISABLE KEYS */;
INSERT INTO `examanswer` VALUES (1,1,1,2,1,'2026-06-13 07:55:48.540'),(2,1,2,1,0,'2026-06-13 07:55:48.544'),(3,1,3,2,1,'2026-06-13 07:55:48.547');
/*!40000 ALTER TABLE `examanswer` ENABLE KEYS */;
UNLOCK TABLES;

--
-- Table structure for table `examassignment`
--

DROP TABLE IF EXISTS `examassignment`;
/*!40101 SET @saved_cs_client     = @@character_set_client */;
/*!50503 SET character_set_client = utf8mb4 */;
CREATE TABLE `examassignment` (
  `id` int NOT NULL AUTO_INCREMENT,
  `examId` int NOT NULL,
  `userId` int NOT NULL,
  `status` varchar(191) COLLATE utf8mb4_unicode_ci NOT NULL DEFAULT 'PENDING',
  `score` int DEFAULT NULL,
  `startedAt` datetime(3) DEFAULT NULL,
  `submittedAt` datetime(3) DEFAULT NULL,
  `createdAt` datetime(3) NOT NULL DEFAULT CURRENT_TIMESTAMP(3),
  `updatedAt` datetime(3) NOT NULL,
  PRIMARY KEY (`id`),
  UNIQUE KEY `ExamAssignment_examId_userId_key` (`examId`,`userId`),
  KEY `ExamAssignment_userId_fkey` (`userId`),
  CONSTRAINT `ExamAssignment_examId_fkey` FOREIGN KEY (`examId`) REFERENCES `exam` (`id`) ON DELETE CASCADE ON UPDATE CASCADE,
  CONSTRAINT `ExamAssignment_userId_fkey` FOREIGN KEY (`userId`) REFERENCES `user` (`id`) ON DELETE CASCADE ON UPDATE CASCADE
) ENGINE=InnoDB AUTO_INCREMENT=2 DEFAULT CHARSET=utf8mb4 COLLATE=utf8mb4_unicode_ci;
/*!40101 SET character_set_client = @saved_cs_client */;

--
-- Dumping data for table `examassignment`
--

LOCK TABLES `examassignment` WRITE;
/*!40000 ALTER TABLE `examassignment` DISABLE KEYS */;
INSERT INTO `examassignment` VALUES (1,1,2,'COMPLETED',67,NULL,'2026-06-13 07:55:48.550','2026-06-13 07:54:18.541','2026-06-13 07:55:48.557');
/*!40000 ALTER TABLE `examassignment` ENABLE KEYS */;
UNLOCK TABLES;

--
-- Table structure for table `examquestion`
--

DROP TABLE IF EXISTS `examquestion`;
/*!40101 SET @saved_cs_client     = @@character_set_client */;
/*!50503 SET character_set_client = utf8mb4 */;
CREATE TABLE `examquestion` (
  `id` int NOT NULL AUTO_INCREMENT,
  `examId` int NOT NULL,
  `questionId` int NOT NULL,
  PRIMARY KEY (`id`),
  UNIQUE KEY `ExamQuestion_examId_questionId_key` (`examId`,`questionId`),
  KEY `ExamQuestion_questionId_fkey` (`questionId`),
  CONSTRAINT `ExamQuestion_examId_fkey` FOREIGN KEY (`examId`) REFERENCES `exam` (`id`) ON DELETE CASCADE ON UPDATE CASCADE,
  CONSTRAINT `ExamQuestion_questionId_fkey` FOREIGN KEY (`questionId`) REFERENCES `question` (`id`) ON DELETE CASCADE ON UPDATE CASCADE
) ENGINE=InnoDB AUTO_INCREMENT=4 DEFAULT CHARSET=utf8mb4 COLLATE=utf8mb4_unicode_ci;
/*!40101 SET character_set_client = @saved_cs_client */;

--
-- Dumping data for table `examquestion`
--

LOCK TABLES `examquestion` WRITE;
/*!40000 ALTER TABLE `examquestion` DISABLE KEYS */;
INSERT INTO `examquestion` VALUES (1,1,1),(2,1,2),(3,1,3);
/*!40000 ALTER TABLE `examquestion` ENABLE KEYS */;
UNLOCK TABLES;

--
-- Table structure for table `group`
--

DROP TABLE IF EXISTS `group`;
/*!40101 SET @saved_cs_client     = @@character_set_client */;
/*!50503 SET character_set_client = utf8mb4 */;
CREATE TABLE `group` (
  `id` int NOT NULL AUTO_INCREMENT,
  `order` int NOT NULL DEFAULT '0',
  `createdAt` datetime(3) NOT NULL DEFAULT CURRENT_TIMESTAMP(3),
  `updatedAt` datetime(3) NOT NULL,
  `status` varchar(191) COLLATE utf8mb4_unicode_ci NOT NULL DEFAULT 'PUBLIC',
  PRIMARY KEY (`id`)
) ENGINE=InnoDB AUTO_INCREMENT=26 DEFAULT CHARSET=utf8mb4 COLLATE=utf8mb4_unicode_ci;
/*!40101 SET character_set_client = @saved_cs_client */;

--
-- Dumping data for table `group`
--

LOCK TABLES `group` WRITE;
/*!40000 ALTER TABLE `group` DISABLE KEYS */;
INSERT INTO `group` VALUES (17,1,'2026-06-12 09:39:24.797','2026-06-12 09:39:24.797','PUBLIC'),(18,2,'2026-06-12 09:39:44.779','2026-06-12 09:39:44.779','PUBLIC'),(19,3,'2026-06-12 09:39:59.073','2026-06-12 09:39:59.073','PUBLIC'),(20,4,'2026-06-12 09:40:14.566','2026-06-12 09:40:14.566','INTERNAL'),(21,5,'2026-06-12 09:40:41.645','2026-06-12 09:40:41.645','PUBLIC');
/*!40000 ALTER TABLE `group` ENABLE KEYS */;
UNLOCK TABLES;

--
-- Table structure for table `grouptranslation`
--

DROP TABLE IF EXISTS `grouptranslation`;
/*!40101 SET @saved_cs_client     = @@character_set_client */;
/*!50503 SET character_set_client = utf8mb4 */;
CREATE TABLE `grouptranslation` (
  `id` int NOT NULL AUTO_INCREMENT,
  `groupId` int NOT NULL,
  `locale` varchar(191) COLLATE utf8mb4_unicode_ci NOT NULL,
  `name` varchar(191) COLLATE utf8mb4_unicode_ci NOT NULL,
  PRIMARY KEY (`id`),
  UNIQUE KEY `GroupTranslation_groupId_locale_key` (`groupId`,`locale`),
  CONSTRAINT `GroupTranslation_groupId_fkey` FOREIGN KEY (`groupId`) REFERENCES `group` (`id`) ON DELETE CASCADE ON UPDATE CASCADE
) ENGINE=InnoDB AUTO_INCREMENT=52 DEFAULT CHARSET=utf8mb4 COLLATE=utf8mb4_unicode_ci;
/*!40101 SET character_set_client = @saved_cs_client */;

--
-- Dumping data for table `grouptranslation`
--

LOCK TABLES `grouptranslation` WRITE;
/*!40000 ALTER TABLE `grouptranslation` DISABLE KEYS */;
INSERT INTO `grouptranslation` VALUES (34,17,'en','Grup A'),(35,17,'id','Grup A'),(36,18,'en','Grup B'),(37,18,'id','Grup B'),(38,19,'en','Grup C'),(39,19,'id','Grup C'),(40,20,'en','Grup D'),(41,20,'id','Grup D'),(42,21,'en','Grup E'),(43,21,'id','Grup E');
/*!40000 ALTER TABLE `grouptranslation` ENABLE KEYS */;
UNLOCK TABLES;

--
-- Table structure for table `question`
--

DROP TABLE IF EXISTS `question`;
/*!40101 SET @saved_cs_client     = @@character_set_client */;
/*!50503 SET character_set_client = utf8mb4 */;
CREATE TABLE `question` (
  `id` int NOT NULL AUTO_INCREMENT,
  `questionGroupId` int NOT NULL,
  `content` varchar(191) COLLATE utf8mb4_unicode_ci NOT NULL,
  `imageUrl` varchar(191) COLLATE utf8mb4_unicode_ci DEFAULT NULL,
  `order` int NOT NULL DEFAULT '0',
  `correctOptionIndex` int NOT NULL DEFAULT '0',
  `createdAt` datetime(3) NOT NULL DEFAULT CURRENT_TIMESTAMP(3),
  `updatedAt` datetime(3) NOT NULL,
  PRIMARY KEY (`id`),
  KEY `Question_questionGroupId_fkey` (`questionGroupId`),
  CONSTRAINT `Question_questionGroupId_fkey` FOREIGN KEY (`questionGroupId`) REFERENCES `questiongroup` (`id`) ON DELETE CASCADE ON UPDATE CASCADE
) ENGINE=InnoDB AUTO_INCREMENT=4 DEFAULT CHARSET=utf8mb4 COLLATE=utf8mb4_unicode_ci;
/*!40101 SET character_set_client = @saved_cs_client */;

--
-- Dumping data for table `question`
--

LOCK TABLES `question` WRITE;
/*!40000 ALTER TABLE `question` DISABLE KEYS */;
INSERT INTO `question` VALUES (1,1,'<p>DOmpet dhuafa berdisi pada tahun berapa ?</p>',NULL,0,2,'2026-06-12 15:39:37.424','2026-06-12 15:39:37.424'),(2,1,'<p>Nama yang bukan sebagai pendiri dompet dhuafa adalah?</p>',NULL,0,3,'2026-06-12 15:40:45.101','2026-06-12 15:40:45.101'),(3,1,'<p>Dompet Dhuafa lahir dari media apa ?</p>',NULL,0,2,'2026-06-12 15:42:11.470','2026-06-12 15:42:11.470');
/*!40000 ALTER TABLE `question` ENABLE KEYS */;
UNLOCK TABLES;

--
-- Table structure for table `questiongroup`
--

DROP TABLE IF EXISTS `questiongroup`;
/*!40101 SET @saved_cs_client     = @@character_set_client */;
/*!50503 SET character_set_client = utf8mb4 */;
CREATE TABLE `questiongroup` (
  `id` int NOT NULL AUTO_INCREMENT,
  `order` int NOT NULL DEFAULT '0',
  `status` varchar(191) COLLATE utf8mb4_unicode_ci NOT NULL DEFAULT 'PUBLIC',
  `createdAt` datetime(3) NOT NULL DEFAULT CURRENT_TIMESTAMP(3),
  `updatedAt` datetime(3) NOT NULL,
  PRIMARY KEY (`id`)
) ENGINE=InnoDB AUTO_INCREMENT=2 DEFAULT CHARSET=utf8mb4 COLLATE=utf8mb4_unicode_ci;
/*!40101 SET character_set_client = @saved_cs_client */;

--
-- Dumping data for table `questiongroup`
--

LOCK TABLES `questiongroup` WRITE;
/*!40000 ALTER TABLE `questiongroup` DISABLE KEYS */;
INSERT INTO `questiongroup` VALUES (1,1,'INTERNAL','2026-06-12 12:15:17.370','2026-06-12 12:15:17.370');
/*!40000 ALTER TABLE `questiongroup` ENABLE KEYS */;
UNLOCK TABLES;

--
-- Table structure for table `questiongrouptranslation`
--

DROP TABLE IF EXISTS `questiongrouptranslation`;
/*!40101 SET @saved_cs_client     = @@character_set_client */;
/*!50503 SET character_set_client = utf8mb4 */;
CREATE TABLE `questiongrouptranslation` (
  `id` int NOT NULL AUTO_INCREMENT,
  `questionGroupId` int NOT NULL,
  `locale` varchar(191) COLLATE utf8mb4_unicode_ci NOT NULL,
  `name` varchar(191) COLLATE utf8mb4_unicode_ci NOT NULL,
  PRIMARY KEY (`id`),
  UNIQUE KEY `QuestionGroupTranslation_questionGroupId_locale_key` (`questionGroupId`,`locale`),
  CONSTRAINT `QuestionGroupTranslation_questionGroupId_fkey` FOREIGN KEY (`questionGroupId`) REFERENCES `questiongroup` (`id`) ON DELETE CASCADE ON UPDATE CASCADE
) ENGINE=InnoDB AUTO_INCREMENT=3 DEFAULT CHARSET=utf8mb4 COLLATE=utf8mb4_unicode_ci;
/*!40101 SET character_set_client = @saved_cs_client */;

--
-- Dumping data for table `questiongrouptranslation`
--

LOCK TABLES `questiongrouptranslation` WRITE;
/*!40000 ALTER TABLE `questiongrouptranslation` DISABLE KEYS */;
INSERT INTO `questiongrouptranslation` VALUES (1,1,'en','History DD'),(2,1,'id','Sejarah DD');
/*!40000 ALTER TABLE `questiongrouptranslation` ENABLE KEYS */;
UNLOCK TABLES;

--
-- Table structure for table `questionoption`
--

DROP TABLE IF EXISTS `questionoption`;
/*!40101 SET @saved_cs_client     = @@character_set_client */;
/*!50503 SET character_set_client = utf8mb4 */;
CREATE TABLE `questionoption` (
  `id` int NOT NULL AUTO_INCREMENT,
  `questionId` int NOT NULL,
  `index` int NOT NULL,
  `content` varchar(191) COLLATE utf8mb4_unicode_ci NOT NULL,
  PRIMARY KEY (`id`),
  UNIQUE KEY `QuestionOption_questionId_index_key` (`questionId`,`index`),
  CONSTRAINT `QuestionOption_questionId_fkey` FOREIGN KEY (`questionId`) REFERENCES `question` (`id`) ON DELETE CASCADE ON UPDATE CASCADE
) ENGINE=InnoDB AUTO_INCREMENT=13 DEFAULT CHARSET=utf8mb4 COLLATE=utf8mb4_unicode_ci;
/*!40101 SET character_set_client = @saved_cs_client */;

--
-- Dumping data for table `questionoption`
--

LOCK TABLES `questionoption` WRITE;
/*!40000 ALTER TABLE `questionoption` DISABLE KEYS */;
INSERT INTO `questionoption` VALUES (1,1,0,'1992'),(2,1,1,'1993'),(3,1,2,'1994'),(4,1,3,'1995'),(5,2,0,'Parni Hadi'),(6,2,1,'Haidar Bagir'),(7,2,2,'Sutiono S Ecip'),(8,2,3,'Jamil Azzaini'),(9,3,0,'Kompas'),(10,3,1,'Harian terbit'),(11,3,2,'Republika'),(12,3,3,'Tempo');
/*!40000 ALTER TABLE `questionoption` ENABLE KEYS */;
UNLOCK TABLES;

--
-- Table structure for table `setting`
--

DROP TABLE IF EXISTS `setting`;
/*!40101 SET @saved_cs_client     = @@character_set_client */;
/*!50503 SET character_set_client = utf8mb4 */;
CREATE TABLE `setting` (
  `key` varchar(191) COLLATE utf8mb4_unicode_ci NOT NULL,
  `value` varchar(191) COLLATE utf8mb4_unicode_ci NOT NULL,
  PRIMARY KEY (`key`)
) ENGINE=InnoDB DEFAULT CHARSET=utf8mb4 COLLATE=utf8mb4_unicode_ci;
/*!40101 SET character_set_client = @saved_cs_client */;

--
-- Dumping data for table `setting`
--

LOCK TABLES `setting` WRITE;
/*!40000 ALTER TABLE `setting` DISABLE KEYS */;
INSERT INTO `setting` VALUES ('header_btn_caption','Dompet Dhuafa OK'),('header_btn_link','https://dompetdhuafa.org/'),('hero_bg_color_end','#0ca76e'),('hero_bg_color_start','#0d771f'),('hero_bg_image',''),('hero_subtitle_en','Find answers and information quickly and easily'),('hero_subtitle_id','Temukan jawaban dan informasi dengan cepat dan mudah'),('hero_title_en','Information Center'),('hero_title_id','Pusat Informasi'),('hover_category_color','#eebe11'),('site_logo','/uploads/1781278377011.JPG'),('site_title','Pusat Informasi');
/*!40000 ALTER TABLE `setting` ENABLE KEYS */;
UNLOCK TABLES;

--
-- Table structure for table `subgroup`
--

DROP TABLE IF EXISTS `subgroup`;
/*!40101 SET @saved_cs_client     = @@character_set_client */;
/*!50503 SET character_set_client = utf8mb4 */;
CREATE TABLE `subgroup` (
  `id` int NOT NULL AUTO_INCREMENT,
  `groupId` int NOT NULL,
  `order` int NOT NULL DEFAULT '0',
  `createdAt` datetime(3) NOT NULL DEFAULT CURRENT_TIMESTAMP(3),
  `updatedAt` datetime(3) NOT NULL,
  `status` varchar(191) COLLATE utf8mb4_unicode_ci NOT NULL DEFAULT 'PUBLIC',
  PRIMARY KEY (`id`),
  KEY `SubGroup_groupId_fkey` (`groupId`),
  CONSTRAINT `SubGroup_groupId_fkey` FOREIGN KEY (`groupId`) REFERENCES `group` (`id`) ON DELETE CASCADE ON UPDATE CASCADE
) ENGINE=InnoDB AUTO_INCREMENT=31 DEFAULT CHARSET=utf8mb4 COLLATE=utf8mb4_unicode_ci;
/*!40101 SET character_set_client = @saved_cs_client */;

--
-- Dumping data for table `subgroup`
--

LOCK TABLES `subgroup` WRITE;
/*!40000 ALTER TABLE `subgroup` DISABLE KEYS */;
INSERT INTO `subgroup` VALUES (21,17,1,'2026-06-12 09:41:19.312','2026-06-12 09:41:19.312','PUBLIC'),(22,17,2,'2026-06-12 09:41:35.598','2026-06-12 09:41:35.598','PUBLIC'),(23,18,3,'2026-06-12 09:41:56.402','2026-06-12 09:41:56.402','PUBLIC'),(24,18,4,'2026-06-12 09:42:13.282','2026-06-12 09:42:13.282','PUBLIC'),(25,20,1,'2026-06-12 09:42:44.522','2026-06-12 09:42:44.522','INTERNAL');
/*!40000 ALTER TABLE `subgroup` ENABLE KEYS */;
UNLOCK TABLES;

--
-- Table structure for table `subgrouptranslation`
--

DROP TABLE IF EXISTS `subgrouptranslation`;
/*!40101 SET @saved_cs_client     = @@character_set_client */;
/*!50503 SET character_set_client = utf8mb4 */;
CREATE TABLE `subgrouptranslation` (
  `id` int NOT NULL AUTO_INCREMENT,
  `subgroupId` int NOT NULL,
  `locale` varchar(191) COLLATE utf8mb4_unicode_ci NOT NULL,
  `name` varchar(191) COLLATE utf8mb4_unicode_ci NOT NULL,
  PRIMARY KEY (`id`),
  UNIQUE KEY `SubGroupTranslation_subgroupId_locale_key` (`subgroupId`,`locale`),
  CONSTRAINT `SubGroupTranslation_subgroupId_fkey` FOREIGN KEY (`subgroupId`) REFERENCES `subgroup` (`id`) ON DELETE CASCADE ON UPDATE CASCADE
) ENGINE=InnoDB AUTO_INCREMENT=61 DEFAULT CHARSET=utf8mb4 COLLATE=utf8mb4_unicode_ci;
/*!40101 SET character_set_client = @saved_cs_client */;

--
-- Dumping data for table `subgrouptranslation`
--

LOCK TABLES `subgrouptranslation` WRITE;
/*!40000 ALTER TABLE `subgrouptranslation` DISABLE KEYS */;
INSERT INTO `subgrouptranslation` VALUES (41,21,'en','Sub Grup A-1'),(42,21,'id','Sub Grup A-1'),(43,22,'en','Sub Grup A-2'),(44,22,'id','Sub Grup A-2'),(45,23,'en','Sub Grup B-1'),(46,23,'id','Sub Grup B-1'),(47,24,'en','Sub Grup B-2'),(48,24,'id','Sub Grup B-2'),(49,25,'en','Sub Grup D-1'),(50,25,'id','Sub Grup D-1');
/*!40000 ALTER TABLE `subgrouptranslation` ENABLE KEYS */;
UNLOCK TABLES;

--
-- Table structure for table `user`
--

DROP TABLE IF EXISTS `user`;
/*!40101 SET @saved_cs_client     = @@character_set_client */;
/*!50503 SET character_set_client = utf8mb4 */;
CREATE TABLE `user` (
  `id` int NOT NULL AUTO_INCREMENT,
  `email` varchar(191) COLLATE utf8mb4_unicode_ci NOT NULL,
  `password` varchar(191) COLLATE utf8mb4_unicode_ci DEFAULT NULL,
  `name` varchar(191) COLLATE utf8mb4_unicode_ci NOT NULL,
  `role` varchar(191) COLLATE utf8mb4_unicode_ci NOT NULL DEFAULT 'INTERNAL',
  `createdAt` datetime(3) NOT NULL DEFAULT CURRENT_TIMESTAMP(3),
  `updatedAt` datetime(3) NOT NULL,
  `emailVerified` datetime(3) DEFAULT NULL,
  `googleId` varchar(191) COLLATE utf8mb4_unicode_ci DEFAULT NULL,
  `image` varchar(191) COLLATE utf8mb4_unicode_ci DEFAULT NULL,
  PRIMARY KEY (`id`),
  UNIQUE KEY `User_email_key` (`email`),
  UNIQUE KEY `User_googleId_key` (`googleId`)
) ENGINE=InnoDB AUTO_INCREMENT=8 DEFAULT CHARSET=utf8mb4 COLLATE=utf8mb4_unicode_ci;
/*!40101 SET character_set_client = @saved_cs_client */;

--
-- Dumping data for table `user`
--

LOCK TABLES `user` WRITE;
/*!40000 ALTER TABLE `user` DISABLE KEYS */;
INSERT INTO `user` VALUES (1,'admin@kmc.com','$2b$10$vSwlzGv1eD6adWx6sTXWRuD2JRkYKZ1vrcRlCGFF6hRFHOYfQH2TK','Admin KMC','ADMIN','2026-06-11 09:19:42.000','2026-06-11 09:19:42.000',NULL,NULL,NULL),(2,'internal@kmc.com','$2b$10$jNUbEYx/kM55TV0BRZodFurAwmdpd58u1qaeGrb0xxjPKgVxktG7u','Internal User','INTERNAL','2026-06-11 09:19:42.000','2026-06-11 09:19:42.000',NULL,NULL,NULL),(3,'Fajar@dompetdhuafa.org','$2b$10$23p7.Cx6cFp8NnQfQ6N/ZOpI5loYvSe6AASwj.NWzjGRcUoX2/Saa','Fajar','HR','2026-06-11 15:19:01.581','2026-06-11 15:19:01.581',NULL,NULL,NULL),(4,'hr@kmc.com','$2b$10$31shw737HzyTy4Wl3toE9.M5.9lAbKBPkdgotCdmA4R8TNoxSQooe','HR User','HR','2026-06-12 15:00:42.286','2026-06-12 15:00:42.286',NULL,NULL,NULL),(7,'jenar@dompetdhuafa.org','$2b$10$BkucbKOIHOmzfN82nlqfIuiRdiDF6psjtFyo7a9LcsI7pHGPXFhhy','Jenar','ADMIN','2026-07-14 08:20:42.513','2026-07-14 08:20:42.513',NULL,NULL,NULL);
/*!40000 ALTER TABLE `user` ENABLE KEYS */;
UNLOCK TABLES;
/*!40103 SET TIME_ZONE=@OLD_TIME_ZONE */;

/*!40101 SET SQL_MODE=@OLD_SQL_MODE */;
/*!40014 SET FOREIGN_KEY_CHECKS=@OLD_FOREIGN_KEY_CHECKS */;
/*!40014 SET UNIQUE_CHECKS=@OLD_UNIQUE_CHECKS */;
/*!40101 SET CHARACTER_SET_CLIENT=@OLD_CHARACTER_SET_CLIENT */;
/*!40101 SET CHARACTER_SET_RESULTS=@OLD_CHARACTER_SET_RESULTS */;
/*!40101 SET COLLATION_CONNECTION=@OLD_COLLATION_CONNECTION */;
/*!40111 SET SQL_NOTES=@OLD_SQL_NOTES */;

-- Dump completed on 2026-07-14 15:34:44
